,image1,image2,image3,image4,image5,image6,image7,image8,image9,image10,image11,image12,image13,image14,image15,image16
0,0.0,0.1,0.0,0.1,0.1,0.0,0.0,0.0,0.0,0.0,0.1,0.1,0.0,0.1,0.0,0.0
1,0.0,0.1,0.0,0.1,0.0,0.1,0.0,0.0,0.0,0.1,0.1,0.1,0.0,0.1,0.1,0.0
2,0.0,0.1,0.0,0.1,0.0,0.0,0.1,0.0,0.0,0.0,0.1,0.1,0.0,0.1,0.1,0.0
3,0.0,0.1,0.0,0.1,0.0,0.1,0.1,0.0,0.0,0.1,0.1,0.1,0.0,0.1,0.1,0.0
4,0.1,0.0,0.0,0.1,0.1,0.0,0.1,0.1,0.0,0.0,0.0,0.1,0.1,0.1,0.1,0.1
5,0.0,0.0,0.0,0.1,0.0,0.0,0.0,0.1,0.0,0.1,0.1,0.0,0.1,0.1,0.1,0.0
6,0.1,0.0,0.1,0.0,0.1,0.1,0.1,0.0,0.0,0.0,0.0,0.1,0.0,0.0,0.1,0.1
7,0.1,0.0,0.0,0.1,0.1,0.0,0.1,0.1,0.0,0.1,0.0,0.1,0.1,0.1,0.1,0.0
8,0.1,0.1,0.1,0.0,0.1,0.1,0.1,0.0,0.0,0.0,0.0,0.1,0.0,0.0,0.0,0.1
9,0.0,0.1,0.1,0.1,0.1,0.1,0.1,0.0,0.0,0.1,0.1,0.1,0.1,0.1,0.0,0.1
10,0.1,0.1,0.1,0.0,0.1,0.1,0.1,0.0,0.00635002,0.0,0.0,0.1,0.0,0.0,0.0,0.1
11,0.1,0.1,0.1,0.0,0.1,0.1,0.1,0.0,0.0,0.1,0.0,0.1,0.1,0.0,0.0,0.1
12,0.1,0.0,0.0,0.0,0.1,0.0,0.1,0.0,0.00635002,0.1,0.1,0.0,0.0,0.1,0.1,0.1
13,0.1,0.1,0.0,0.1,0.1,0.1,0.1,0.0,0.00635002,0.1,0.0,0.0,0.0,0.0,0.0,0.1
14,0.1,0.0,0.0,0.0,0.0,0.0,0.1,0.0,0.0,0.1,0.0,0.1,0.0,0.1,0.0,0.1
15,0.1,0.0,0.0,0.0,0.1,0.0,0.1,0.0,0.0,0.1,0.0,0.1,0.0,0.0,0.0,0.1
16,0.0,0.0,0.1,0.1,0.0,0.1,0.0,0.0,0.0,0.1,0.0,0.0,0.0,0.0,0.1,0.0
17,0.1,0.0,0.1,0.0,0.0,0.0,0.0,0.0,0.00635002,0.1,0.0,0.1,0.0,0.0,0.1,0.0
18,0.0,0.0,0.0,0.0,0.0,0.1,0.0,0.1,0.0,0.0,0.1,0.0,0.0,0.1,0.1,0.0
19,0.1,0.0,0.1,0.0,0.0,0.1,0.1,0.0,0.0,0.1,0.1,0.1,0.0,0.0,0.0,0.0
20,0.0,0.1,0.1,0.1,0.1,0.1,0.0,0.1,0.0,0.0,0.1,0.0,0.0,0.1,0.1,0.1
21,0.1,0.1,0.1,0.1,0.1,0.1,0.0,0.0,0.0,0.0,0.1,0.1,0.0,0.1,0.0,0.0
22,0.0,0.1,0.0,0.1,0.0,0.0,0.1,0.1,0.0,0.0,0.1,0.0,0.1,0.1,0.1,0.0
23,0.1,0.1,0.0,0.1,0.0,0.0,0.1,0.0,0.00635002,0.0,0.1,0.1,0.0,0.0,0.1,0.0
24,0.0,0.1,0.0,0.1,0.0,0.0,0.1,0.1,0.00635002,0.1,0.1,0.0,0.1,0.1,0.1,0.0
25,0.1,0.1,0.0,0.1,0.0,0.0,0.1,0.1,0.00635002,0.0,0.1,0.0,0.0,0.1,0.1,0.1
26,0.0,0.0,0.1,0.0,0.1,0.1,0.0,0.1,0.0,0.1,0.0,0.1,0.1,0.1,0.0,0.1
27,0.0,0.0,0.0,0.0,0.0,0.0,0.0,0.0,0.0,0.0,0.0,0.0,0.0,0.0,0.0,0.0
28,0.0,0.1,0.0,0.1,0.0,0.1,0.0,0.0,0.0,0.1,0.1,0.1,0.0,0.1,0.1,0.0
29,0.1,0.0,0.0,0.1,0.1,0.0,0.1,0.0,0.0025171677,0.0,0.1,0.0,0.0,0.0,0.0,0.0
30,0.0,0.0,0.1,0.1,0.0,0.0,0.1,0.1,0.0,0.0,0.1,0.0,0.0,0.1,0.1,0.0
31,0.1,0.0,0.0,0.0,0.1,0.0,0.1,0.0,0.0,0.0,0.0,0.0,0.0,0.0,0.0,0.0
32,0.1,0.0,0.0,0.0,0.0,0.0,0.0,0.1,0.0,0.1,0.0,0.0,0.1,0.0,0.1,0.1
33,0.1,0.0,0.0,0.0,0.1,0.0,0.1,0.0,0.0,0.0,0.0,0.1,0.0,0.0,0.0,0.1
34,0.1,0.1,0.1,0.0,0.1,0.1,0.1,0.0,0.0025171677,0.0,0.1,0.1,0.0,0.0,0.0,0.1
35,0.1,0.1,0.1,0.0,0.1,0.1,0.1,0.0,0.0,0.0,0.1,0.1,0.0,0.0,0.0,0.1
36,0.1,0.1,0.1,0.0,0.0,0.1,0.1,0.0,0.0038353787,0.0,0.1,0.1,0.0,0.0,0.1,0.1
37,0.1,0.0,0.0,0.1,0.1,0.1,0.1,0.0,0.0,0.0,0.1,0.1,0.0,0.0,0.0,0.1
38,0.1,0.0,0.0,0.1,0.1,0.0,0.1,0.0,0.005031809,0.0,0.1,0.1,0.0,0.1,0.1,0.0
39,0.1,0.0,0.0,0.0,0.1,0.0,0.1,0.0,0.0025171677,0.0,0.0,0.0,0.0,0.0,0.1,0.1
40,0.1,0.0,0.0,0.0,0.1,0.0,0.1,0.0,0.0025171677,0.0,0.0,0.0,0.0,0.0,0.1,0.1
41,0.1,0.0,0.0,0.0,0.1,0.0,0.1,0.0,0.00635002,0.0,0.0,0.0,0.0,0.0,0.0,0.1
42,0.1,0.0,0.1,0.1,0.0,0.0,0.1,0.0,0.0,0.0,0.0,0.1,0.0,0.0,0.0,0.0
43,0.0,0.0,0.1,0.1,0.0,0.0,0.0,0.0,0.00635002,0.0,0.1,0.0,0.1,0.0,0.1,0.0
44,0.0,0.0,0.1,0.1,0.1,0.1,0.0,0.1,0.0,0.1,0.1,0.0,0.1,0.1,0.1,0.0
45,0.0,0.0,0.1,0.0,0.0,0.1,0.0,0.1,0.0,0.1,0.1,0.0,0.1,0.1,0.1,0.0
46,0.0,0.0,0.0,0.0,0.1,0.1,0.0,0.1,0.0,0.0,0.1,0.0,0.1,0.1,0.1,0.1
47,0.0,0.1,0.0,0.1,0.0,0.1,0.1,0.1,0.0,0.0,0.1,0.0,0.1,0.1,0.1,0.1
48,0.0,0.1,0.1,0.1,0.1,0.0,0.1,0.1,0.00635002,0.0,0.1,0.0,0.1,0.1,0.0,0.1
49,0.0,0.1,0.0,0.1,0.1,0.0,0.1,0.1,0.0,0.0,0.1,0.0,0.1,0.1,0.1,0.0
50,0.0,0.1,0.0,0.1,0.0,0.0,0.1,0.1,0.00635002,0.0,0.1,0.0,0.1,0.1,0.1,0.0
51,0.0,0.1,0.0,0.1,0.0,0.0,0.1,0.1,0.00635002,0.0,0.1,0.0,0.1,0.1,0.1,0.0
52,0.0,0.0,0.0,0.1,0.0,0.0,0.0,0.1,0.00635002,0.1,0.1,0.0,0.1,0.1,0.1,0.1
53,0.0,0.0,0.1,0.1,0.0,0.1,0.0,0.1,0.0,0.1,0.1,0.0,0.1,0.1,0.1,0.1
54,0.0,0.0,0.1,0.0,0.0,0.1,0.0,0.1,0.0,0.1,0.1,0.0,0.1,0.1,0.1,0.1
55,0.0,0.0,0.0,0.0,0.0,0.0,0.0,0.0,0.0,0.0,0.0,0.0,0.0,0.0,0.0,0.0
56,0.1,0.1,0.0,0.1,0.0,0.0,0.0,0.0,0.00635002,0.0,0.1,0.1,0.0,0.1,0.0,0.0
57,0.1,0.0,0.0,0.1,0.0,0.0,0.0,0.1,0.00635002,0.0,0.1,0.0,0.0,0.1,0.0,0.1
58,0.1,0.0,0.0,0.0,0.1,0.0,0.1,0.1,0.0,0.0,0.1,0.0,0.1,0.0,0.1,0.0
59,0.1,0.0,0.1,0.0,0.1,0.0,0.1,0.1,0.0025171677,0.0,0.0,0.0,0.1,0.0,0.1,0.1
60,0.1,0.0,0.1,0.0,0.1,0.1,0.1,0.0,0.0,0.0,0.0,0.1,0.0,0.0,0.1,0.1
61,0.1,0.0,0.1,0.0,0.1,0.1,0.1,0.0,0.0025171677,0.0,0.1,0.0,0.0,0.0,0.0,0.0
62,0.1,0.0,0.1,0.0,0.1,0.1,0.1,0.0,0.0,0.0,0.0,0.1,0.0,0.0,0.0,0.0
63,0.1,0.0,0.1,0.0,0.1,0.1,0.1,0.0,0.0,0.0,0.0,0.1,0.0,0.0,0.0,0.1
64,0.1,0.0,0.1,0.0,0.1,0.1,0.1,0.0,0.0,0.0,0.0,0.1,0.0,0.0,0.0,0.1
65,0.1,0.0,0.0,0.1,0.1,0.0,0.1,0.0,0.00635002,0.0,0.0,0.1,0.0,0.0,0.1,0.1
66,0.1,0.0,0.0,0.1,0.1,0.0,0.1,0.0,0.0025171677,0.0,0.0,0.1,0.0,0.0,0.1,0.1
67,0.1,0.0,0.0,0.0,0.1,0.0,0.0,0.0,0.0,0.0,0.0,0.0,0.0,0.0,0.1,0.1
68,0.1,0.1,0.0,0.0,0.1,0.0,0.0,0.0,0.00635002,0.0,0.0,0.0,0.0,0.0,0.0,0.1
69,0.0,0.1,0.1,0.0,0.0,0.0,0.1,0.0,0.00635002,0.0,0.1,0.0,0.0,0.0,0.0,0.0
70,0.0,0.0,0.1,0.1,0.1,0.0,0.1,0.1,0.0,0.0,0.1,0.1,0.0,0.0,0.0,0.0
71,0.0,0.0,0.0,0.1,0.1,0.0,0.0,0.1,0.0,0.0,0.1,0.0,0.1,0.1,0.0,0.0
72,0.0,0.1,0.0,0.1,0.0,0.0,0.1,0.1,0.0,0.1,0.1,0.0,0.0,0.1,0.1,0.0
73,0.0,0.1,0.0,0.0,0.0,0.0,0.1,0.1,0.0,0.0,0.1,0.0,0.1,0.1,0.1,0.1
74,0.1,0.1,0.0,0.0,0.0,0.1,0.0,0.0,0.00635002,0.0,0.1,0.0,0.0,0.1,0.1,0.1
75,0.0,0.1,0.0,0.1,0.0,0.0,0.1,0.1,0.0,0.0,0.1,0.0,0.1,0.1,0.1,0.1
76,0.1,0.1,0.0,0.1,0.1,0.1,0.1,0.1,0.0,0.0,0.1,0.0,0.0,0.1,0.1,0.0
77,0.1,0.1,0.0,0.0,0.0,0.0,0.1,0.1,0.0,0.0,0.1,0.0,0.0,0.0,0.1,0.0
78,0.0,0.1,0.0,0.1,0.0,0.0,0.0,0.1,0.00635002,0.0,0.1,0.0,0.1,0.1,0.1,0.1
79,0.0,0.1,0.1,0.0,0.0,0.1,0.0,0.1,0.0,0.0,0.0,0.0,0.1,0.1,0.1,0.1
80,0.0,0.0,0.0,0.1,0.0,0.0,0.0,0.1,0.0,0.1,0.1,0.0,0.1,0.1,0.1,0.1
81,0.0,0.0,0.1,0.1,0.0,0.0,0.0,0.1,0.0,0.0,0.0,0.0,0.1,0.1,0.0,0.1
82,0.0,0.0,0.1,0.0,0.1,0.0,0.0,0.1,0.00635002,0.1,0.1,0.1,0.1,0.0,0.1,0.1
83,0.0,0.0,0.0,0.0,0.0,0.0,0.0,0.0,0.0,0.0,0.0,0.0,0.0,0.0,0.0,0.0
84,0.1,0.0,0.0,0.1,0.0,0.0,0.0,0.1,0.0025171677,0.0,0.0,0.0,0.0,0.1,0.0,0.1
85,0.1,0.0,0.1,0.0,0.1,0.0,0.1,0.1,0.00635002,0.0,0.0,0.0,0.1,0.0,0.1,0.0
86,0.1,0.0,0.1,0.0,0.1,0.1,0.1,0.1,0.00635002,0.0,0.0,0.0,0.1,0.0,0.1,0.0
87,0.1,0.0,0.1,0.0,0.1,0.1,0.1,0.1,0.0025171677,0.0,0.0,0.0,0.1,0.0,0.1,0.1
88,0.1,0.1,0.1,0.0,0.1,0.1,0.0,0.0,0.0025171677,0.0,0.0,0.0,0.0,0.0,0.0,0.1
89,0.1,0.1,0.1,0.0,0.1,0.1,0.1,0.0,0.0,0.0,0.0,0.1,0.0,0.0,0.0,0.0
90,0.0,0.0,0.1,0.0,0.0,0.1,0.1,0.0,0.0,0.0,0.0,0.1,0.0,0.0,0.0,0.1
91,0.1,0.0,0.1,0.1,0.1,0.1,0.1,0.0,0.0,0.0,0.0,0.1,0.0,0.0,0.0,0.1
92,0.0,0.0,0.0,0.1,0.1,0.0,0.1,0.0,0.005031809,0.0,0.0,0.1,0.0,0.1,0.1,0.1
93,0.1,0.0,0.0,0.1,0.1,0.0,0.1,0.0,0.0025171677,0.0,0.0,0.1,0.0,0.1,0.0,0.0
94,0.0,0.40941176,0.0,0.1,0.0,0.0,0.0,0.0,0.0,0.1,0.0,0.024705883,0.1,0.0,0.0,0.1
95,0.0,0.44117647,0.0,0.0,0.0,0.0,0.0,0.0,0.0,0.0,0.0,0.72,0.0,0.0,0.0,0.1
96,0.0,0.60352945,0.1,0.0,0.0,0.1,0.0,0.0,0.0,0.0,0.1,0.8929412,0.0,0.0,0.0,0.0
97,0.0,1.0,0.1,0.0,0.1,0.1,0.0,0.1,0.00635002,0.1,0.1,0.7211765,0.0,0.1,0.0,0.0
98,0.0,0.9,0.1,0.0,0.1,0.1,0.1,0.1,0.0,0.1,0.1,0.1,0.1,0.1,0.0,0.0
99,0.0,0.5294118,0.1,0.1,0.1,0.1,0.1,0.1,0.00635002,0.1,0.1,0.1,0.0,0.1,0.0,0.0
100,0.0,0.4282353,0.0,0.0,0.0,0.1,0.1,0.0,0.00635002,0.0,0.1,0.1,0.0,0.1,0.0,0.0
101,0.0,0.1,0.0,0.0,0.0,0.0,0.1,0.0,0.00635002,0.0,0.1,0.1,0.0,0.1,0.1,0.1
102,0.0,0.1,0.0,0.1,0.1,0.0,0.1,0.0,0.00635002,0.0,0.0,0.1,0.0,0.0,0.1,0.0
103,0.1,0.0,0.0,0.1,0.1,0.0,0.1,0.0,0.00635002,0.0,0.0,0.1,0.0,0.0,0.1,0.0
104,0.0,0.0,0.0,0.1,0.0,0.1,0.1,0.0,0.00635002,0.0,0.1,0.0,0.0,0.0,0.1,0.0
105,0.1,0.0,0.0,0.1,0.0,0.0,0.0,0.0,0.0,0.0,0.0,0.1,0.0,0.1,0.1,0.0
106,0.0,0.0,0.1,0.1,0.1,0.1,0.0,0.0,0.0,0.0,0.0,0.0,0.1,0.1,0.0,0.1
107,0.0,0.1,0.0,0.1,0.0,0.0,0.0,0.1,0.0,0.0,0.0,0.0,0.1,0.1,0.0,0.0
108,0.0,0.1,0.0,0.1,0.0,0.0,0.0,0.1,0.00635002,0.1,0.0,0.0,0.1,0.1,0.0,0.0
109,0.0,0.0,0.0,0.1,0.0,0.0,0.1,0.0,0.00635002,0.1,0.0,0.0,0.1,0.1,0.0,0.0
110,0.0,0.0,0.0,0.1,0.1,0.0,0.1,0.1,0.00635002,0.1,0.1,0.1,0.1,0.0,0.1,0.1
111,0.0,0.0,0.0,0.0,0.0,0.0,0.0,0.0,0.0,0.0,0.0,0.0,0.0,0.0,0.0,0.0
112,0.1,0.0,0.0,0.0,0.1,0.0,0.1,0.1,0.00635002,0.0,0.0,0.0,0.1,0.0,0.1,0.0
113,0.1,0.0,0.1,0.0,0.1,0.0,0.1,0.1,0.00635002,0.0,0.0,0.0,0.1,0.0,0.1,0.0
114,0.1,0.0,0.1,0.0,0.1,0.1,0.1,0.1,0.00635002,0.0,0.0,0.0,0.1,0.0,0.1,0.0
115,0.0,0.1,0.1,0.0,0.1,0.1,0.1,0.1,0.003474173,0.0,0.0,0.0,0.1,0.0,0.1,0.0
116,0.1,0.0,0.1,0.1,0.1,0.1,0.0,0.0,0.0,0.0,0.0,0.0,0.0,0.0,0.0,0.1
117,0.1,0.0,0.1,0.1,0.1,0.1,0.1,0.0,0.005031809,0.0,0.1,0.1,0.0,0.0,0.1,0.1
118,0.1,0.0,0.1,0.0,0.1,0.1,0.1,0.0,0.0,0.0,0.0,0.1,0.0,0.0,0.0,0.1
119,0.0,0.0,0.0,0.1,0.1,0.1,0.1,0.0,0.0025171677,0.0,0.0,0.1,0.0,0.1,0.0,0.1
120,0.0,0.0,0.0,0.1,0.1,0.0,0.1,0.0,0.0025171677,0.0,0.0,0.1,0.0,0.1,0.0,0.1
121,0.1,0.6964706,0.0,0.1,0.1,0.0,0.0,0.0,0.0,0.1,0.0,0.12470588,0.1,0.0,0.0,0.1
122,0.1,0.8929412,0.1,0.0,0.1,0.1,0.0,0.0,0.0,0.0,0.0,0.5294118,0.0,0.0,0.0,0.0
123,0.0,0.9929412,0.1,0.0,0.0,0.1,0.0,0.1,0.0,0.1,0.31529412,0.88941175,0.0,0.1,0.1,0.0
124,0.0,0.8929412,0.1,0.03882353,0.0,0.1,0.0,0.1,0.0,0.0,0.11058824,0.9894118,0.0,0.1,0.1,0.18
125,0.0,0.8929412,0.1,0.6294118,0.1,0.1,0.1,0.1,0.00635002,0.0,0.2482353,0.54117644,0.1,0.1,0.5517647,0.4658824
126,0.0,0.8929412,0.1,0.8929412,0.1,0.1,0.1,0.1,0.00635002,0.0,0.5164706,0.1,0.0,0.1,0.9,0.8552941
127,0.0,0.8929412,0.1,0.8129412,0.1,0.1,0.1,0.0,0.00635002,0.0,0.6811765,0.1,0.0,0.1,0.77411765,0.9929412
128,0.0,0.7694118,0.23411766,0.20941177,0.0,0.1,0.1,0.1,0.00635002,0.0,0.4164706,0.1,0.0,0.0,0.0,0.8964706
129,0.0,0.20588236,0.8964706,0.1,0.1,0.0,0.1,0.0,0.07301669,0.0,0.4164706,0.1,0.0,0.0,0.1,0.8929412
130,0.1,0.1,0.4847059,0.1,0.1,0.0,0.1,0.0,0.19066375,0.0,0.31529412,0.1,0.0,0.0,0.1,0.7164706
131,0.0,0.0,0.0,0.1,0.1,0.0,0.1,0.1,0.19066375,0.0,0.0,0.1,0.0,0.0,0.1,0.5717647
132,0.1,0.0,0.1,0.0,0.0,0.1,0.1,0.0,0.1779637,0.0,0.0,0.0,0.0,0.0,0.1,0.14470589
133,0.0,0.1,0.0,0.0,0.1,0.0,0.0,0.1,0.056395084,0.1,0.0,0.1,0.1,0.1,0.0,0.1
134,0.0,0.1,0.0,0.1,0.0,0.0,0.0,0.0,0.49953237,0.0,0.0,0.0,0.1,0.1,0.0,0.0
135,0.0,0.1,0.0,0.1,0.0,0.0,0.0,0.1,0.33968335,0.1,0.0,0.0,0.1,0.1,0.0,0.0
136,0.0,0.0,0.0,0.1,0.0,0.0,0.1,0.0,0.19066375,0.1,0.1,0.0,0.1,0.1,0.0,0.0
137,0.1,0.1,0.1,0.0,0.0,0.0,0.0,0.0,0.0,0.1,0.0,0.1,0.1,0.0,0.0,0.0
138,0.1,0.0,0.1,0.1,0.1,0.0,0.1,0.0,0.00635002,0.0,0.0,0.1,0.1,0.0,0.1,0.1
139,0.0,0.0,0.0,0.0,0.0,0.0,0.0,0.0,0.0,0.1,0.0,0.0,0.0,0.0,0.0,0.0
140,0.1,0.0,0.0,0.0,0.1,0.0,0.1,0.1,0.00635002,0.1,0.0,0.0,0.1,0.0,0.1,0.0
141,0.1,0.0,0.1,0.0,0.1,0.1,0.1,0.1,0.00635002,0.0,0.0,0.0,0.1,0.0,0.1,0.0
142,0.0,0.0,0.1,0.1,0.1,0.1,0.1,0.1,0.0053930148,0.0,0.0,0.0,0.0,0.0,0.1,0.1
143,0.1,0.0,0.1,0.1,0.1,0.1,0.1,0.0,0.0059888144,0.0,0.0,0.0,0.1,0.0,0.0,0.1
144,0.1,0.0,0.1,0.1,0.0,0.1,0.0,0.0,0.00635002,0.1,0.0,0.0,0.0,0.1,0.0,0.1
145,0.1,0.0,0.1,0.1,0.1,0.1,0.1,0.0,0.0,0.0,0.0,0.1,0.1,0.1,0.0,0.1
146,0.0,0.0,0.0,0.1,0.1,0.0,0.1,0.1,0.0038353787,0.0,0.0,0.1,0.1,0.1,0.0,0.1
147,0.0,0.1,0.0,0.1,0.1,0.0,0.1,0.0,0.0025171677,0.0,0.0,0.1,0.0,0.1,0.0,0.1
148,0.0,0.6964706,0.0,0.1,0.1,0.0,0.0,0.0,0.0,0.0,0.0,0.1,0.1,0.0,0.0,0.46
149,0.0,0.8929412,0.0,0.0,0.1,0.0,0.07764706,0.1,0.0,0.0,0.049411766,0.4129412,0.0,0.0,0.0,0.5011765
150,0.0,0.8929412,0.1,0.0,0.2764706,0.1,0.67764705,0.1,0.00635002,0.0,0.6317647,0.88941175,0.0,0.1,0.0,0.7164706
151,0.0,0.8929412,0.1,0.0,0.8905882,0.1,0.5729412,0.1,0.0,0.0,0.9647059,0.7564706,0.1,0.1,0.1,0.7164706
152,0.0,0.7517647,0.1,0.23058824,0.0,0.1,0.21294118,0.1,0.003474173,0.0,0.9329412,0.19764706,0.1,0.16,0.1,0.9929412
153,0.0,0.5011765,0.1,0.8858824,0.1,0.1,0.1,0.1,0.0,0.0,0.95411766,0.1,0.1,0.3329412,0.6741177,0.9894118
154,0.0,0.6211765,0.1,0.8858824,0.1,0.1,0.1,0.1,0.0,0.1,0.9964706,0.0,0.1,0.58705884,0.9,0.8929412
155,0.0,0.8929412,0.0,0.9929412,0.1,0.1,0.1,0.1,0.28776765,0.1,0.9964706,0.0,0.1,0.9,0.9,0.9894118
156,0.1,0.8929412,0.40705884,0.37764707,0.1,0.37176472,0.0,0.0,0.60635006,0.1,0.9964706,0.1,0.1,0.8929412,0.32588238,0.5329412
157,0.1,0.53058827,0.88941175,0.0,0.1,0.8964706,0.1,0.0,0.85733044,0.1,0.9964706,0.0,0.1,0.5964706,0.0,0.24705884
158,0.1,0.1,0.38941178,0.1,0.1,0.37764707,0.1,0.0,0.9985069,0.0,0.86470586,0.0,0.1,0.48705885,0.1,0.1
159,0.1,0.0,0.0,0.1,0.34705883,0.010588235,0.1,0.0,0.9858068,0.0,0.92941177,0.1,0.1,0.18117648,0.1,0.1
160,0.1,0.0,0.1,0.0,0.10235294,0.0,0.0,0.0,0.994674,0.1,0.29647058,0.1,0.0,0.1,0.1,0.1
161,0.1,0.0,0.0,0.1,0.0,0.0,0.052941177,0.0,0.8494873,0.1,0.1,0.1,0.1,0.1,0.0,0.1
162,0.1,0.0,0.0,0.1,0.0,0.0,0.27176473,0.0,0.95835584,0.1,0.1,0.1,0.1,0.1,0.0,0.0
163,0.1,0.0,0.0,0.1,0.1,0.0,0.11764706,0.0,0.9858068,0.1,0.1,0.0,0.1,0.1,0.0,0.0
164,0.1,0.0,0.0,0.0,0.1,0.0,0.0,0.1,0.9858068,0.0,0.0,0.1,0.0,0.0,0.0,0.0
165,0.1,0.0,0.1,0.1,0.0,0.0,0.0,0.1,0.0,0.0,0.0,0.0,0.0,0.0,0.1,0.0
166,0.0,0.0,0.0,0.0,0.1,0.0,0.0,0.1,0.00635002,0.0,0.0,0.0,0.1,0.0,0.1,0.0
167,0.0,0.0,0.0,0.0,0.0,0.0,0.0,0.0,0.00635002,0.1,0.0,0.0,0.0,0.0,0.0,0.0
168,0.1,0.0,0.1,0.0,0.1,0.1,0.1,0.1,0.00635002,0.0,0.0,0.0,0.1,0.0,0.1,0.0
169,0.1,0.0,0.1,0.1,0.1,0.1,0.1,0.1,0.00635002,0.0,0.0,0.0,0.1,0.1,0.1,0.1
170,0.1,0.0,0.1,0.1,0.1,0.1,0.0,0.0,0.00635002,0.0,0.1,0.0,0.1,0.0,0.0,0.1
171,0.1,0.0,0.1,0.1,0.1,0.1,0.0,0.1,0.0,0.1,0.1,0.0,0.1,0.1,0.0,0.1
172,0.0,0.0,0.1,0.1,0.0,0.1,0.0,0.0,0.0,0.1,0.0,0.0,0.0,0.1,0.0,0.1
173,0.0,0.1,0.0,0.1,0.1,0.1,0.0,0.0,0.0,0.0,0.1,0.0,0.1,0.1,0.0,0.1
174,0.0,0.1,0.0,0.1,0.1,0.0,0.1,0.0,0.0028783735,0.0,0.0,0.1,0.1,0.1,0.0,0.1
175,0.0,0.2835294,0.0,0.1,0.1,0.0,0.0,0.1,0.00635002,0.1,0.0,0.1,0.1,0.0,0.0,0.1
176,0.0,0.88235295,0.1,0.1,0.1,0.0,0.16,0.1,0.0,0.1,0.0,0.1,0.0,0.0,0.0,0.9964706
177,0.0,0.8929412,0.1,0.0,0.1,0.1,0.82941175,0.1,0.0038353787,0.1,0.6329412,0.49764708,0.1,0.1,0.1,0.8929412
178,0.0,0.7411765,0.1,0.0,0.42705882,0.1,0.982353,0.1,0.0,0.1,0.9964706,0.88941175,0.1,0.11764706,0.1,0.8611765
179,0.0,0.21294118,0.1,0.074117646,0.81529415,0.1,0.6964706,0.14941177,0.0,0.1,0.9964706,0.4164706,0.1,0.5235294,0.1,0.8164706
180,0.0,0.14235294,0.1,0.7952941,0.1,0.1,0.1,0.6258824,0.13090488,0.1,0.9964706,0.0,0.1,0.80470586,0.1,0.6011765
181,0.1,0.0,0.1,0.8858824,0.1,0.1,0.1,0.7811765,0.55051273,0.1,0.85176474,0.1,0.1,0.9894118,1.0,0.46
182,0.1,0.02117647,0.1,0.98588234,0.1,0.1,0.1,0.01764706,0.9505127,0.1,0.7776471,0.1,0.1,0.9894118,0.9,0.28941178
183,0.1,0.82705885,0.0,0.9929412,0.1,0.16705883,0.1,0.0,0.98188525,0.1,0.7282353,0.1,0.1,0.8929412,0.9,0.1
184,0.1,0.9929412,0.47647062,0.47764707,0.1,0.8011765,0.1,0.0,0.9858068,0.1,0.62823534,0.1,0.1,0.9894118,0.5517647,0.0
185,0.1,0.59411764,0.85058826,0.1,0.1,0.8964706,0.0,0.0,0.9858068,0.0,0.63529414,0.1,0.1,0.9894118,0.1,0.1
186,0.1,0.1,0.1,0.1,0.1,0.8964706,0.1,0.1,0.9858068,0.0,0.8964706,0.1,0.0,0.9894118,0.1,0.1
187,0.1,0.0,0.0,0.1,0.62235296,0.03176471,0.1,0.1,0.9858068,0.0,0.9964706,0.0,0.0,0.6576471,0.1,0.1
188,0.1,0.0,0.1,0.1,0.59294116,0.1,0.052941177,0.0,0.9858068,0.1,0.85058826,0.1,0.0,0.1,0.1,0.0
189,0.1,0.0,0.1,0.1,0.0,0.1,0.7764706,0.0,0.9858068,0.1,0.16235295,0.1,0.1,0.1,0.0,0.0
190,0.0,0.1,0.0,0.1,0.1,0.0,0.85058826,0.1,0.9858068,0.1,0.0,0.1,0.1,0.1,0.0,0.0
191,0.1,0.1,0.0,0.1,0.1,0.0,0.13058823,0.1,0.9858068,0.1,0.0,0.0,0.1,0.1,0.1,0.0
192,0.1,0.0,0.1,0.0,0.1,0.0,0.0,0.1,0.9858068,0.1,0.0,0.0,0.0,0.0,0.1,0.0
193,0.1,0.0,0.1,0.0,0.1,0.1,0.1,0.1,0.0,0.0,0.0,0.1,0.1,0.0,0.1,0.1
194,0.1,0.0,0.1,0.0,0.1,0.1,0.1,0.0,0.00635002,0.1,0.0,0.1,0.1,0.0,0.1,0.0
195,0.0,0.0,0.0,0.0,0.0,0.0,0.0,0.0,0.00635002,0.1,0.0,0.1,0.0,0.0,0.0,0.0
196,0.1,0.0,0.1,0.1,0.1,0.1,0.1,0.1,0.0,0.0,0.1,0.0,0.1,0.1,0.1,0.1
197,0.1,0.0,0.1,0.1,0.1,0.1,0.1,0.1,0.00635002,0.0,0.1,0.0,0.1,0.0,0.1,0.1
198,0.1,0.1,0.1,0.1,0.0,0.1,0.1,0.0,0.00635002,0.1,0.1,0.1,0.1,0.1,0.1,0.1
199,0.1,0.0,0.1,0.1,0.1,0.1,0.0,0.0,0.0053930148,0.1,0.1,0.0,0.0,0.1,0.0,0.1
200,0.0,0.1,0.0,0.1,0.0,0.0,0.0,0.0,0.00635002,0.0,0.1,0.1,0.0,0.1,0.0,0.0
201,0.0,0.1,0.0,0.1,0.1,0.1,0.0,0.0,0.0053930148,0.0,0.1,0.0,0.0,0.1,0.0,0.1
202,0.29647058,0.0,0.0,0.1,0.1,0.0,0.0,0.1,0.0053930148,0.0,0.1,0.1,0.0,0.0,0.0,0.1
203,0.65294117,0.27176473,0.0,0.1,0.0,0.0,0.07058824,0.0,0.0,0.0,0.1,0.0,0.0,0.0,0.0,0.1
204,0.5611765,0.8858824,0.1,0.0,0.0,0.1,0.76705885,0.1,0.0,0.1,0.2517647,0.0,0.0,0.1,0.0,0.70705885
205,0.6329412,0.7411765,0.1,0.0,0.014117648,0.1,0.9929412,0.0,0.0,0.1,0.92941177,0.54352945,0.1,0.1,0.0,0.88941175
206,0.21176471,0.1882353,0.0,0.4882353,0.7882353,0.0,0.6188235,0.32117647,0.0,0.1,0.9964706,0.8717647,0.1,0.48117647,0.0,0.7164706
207,0.22705883,0.1,0.1,0.7705883,0.9152941,0.1,0.1,0.79058826,0.0,0.1,0.8976471,0.2764706,0.0,0.88941175,0.1,0.0
208,0.1,0.1,0.1,0.98588234,0.0,0.1,0.1,0.8929412,0.2407088,0.1,0.32588238,0.1,0.17294118,0.88941175,0.1,0.0
209,0.1,0.1,0.1,0.98588234,0.1,0.1,0.1,0.8929412,0.9985069,0.12705883,0.19882354,0.1,0.7352941,0.9894118,1.0,0.1
210,0.1,0.53058827,0.1,0.98588234,0.0,0.1,0.1,0.067058824,0.9985069,0.19764706,0.04235294,0.0,0.9929412,0.9894118,0.9,0.1
211,0.1,0.9752941,0.25882354,0.9929412,0.1,0.38588238,0.1,0.1,0.9858068,0.48352945,0.0,0.0,1.0,0.7705883,0.9,0.1
212,0.0,0.9929412,0.8611765,0.6964706,0.1,0.9964706,0.1,0.0,0.9858068,0.7094118,0.0,0.0,0.8929412,0.9894118,0.0,0.1
213,0.1,0.32941177,0.5294118,0.3847059,0.1,0.8964706,0.1,0.1,0.9858068,0.70235294,0.007058824,0.1,0.5964706,0.9894118,0.0,0.1
214,0.0,0.0,0.0,0.21882352,0.0,0.68235296,0.1,0.1,0.9858068,0.33529413,0.45176473,0.1,0.12705883,0.9894118,0.1,0.0
215,0.1,0.0,0.1,0.1,0.33882353,0.103529416,0.1,0.0,0.9858068,0.13058823,0.88941175,0.1,0.03882353,0.9894118,0.1,0.1
216,0.0,0.0,0.0,0.1,0.8411765,0.1,0.5905883,0.0,0.8289441,0.0,0.9,0.1,0.36823532,0.1,0.1,0.1
217,0.0,0.0,0.1,0.1,0.03882353,0.0,0.8929412,0.0,0.66031665,0.1,0.61058825,0.1,0.13176471,0.1,0.1,0.1
218,0.0,0.0,0.1,0.1,0.0,0.1,0.3529412,0.0,0.66031665,0.1,0.060000002,0.1,0.1,0.1,0.0,0.1
219,0.1,0.0,0.0,0.0,0.0,0.0,0.1,0.0,0.66031665,0.1,0.0,0.1,0.1,0.0,0.1,0.0
220,0.1,0.0,0.0,0.0,0.0,0.0,0.1,0.0,0.66031665,0.1,0.0,0.1,0.0,0.0,0.1,0.1
221,0.1,0.0,0.0,0.0,0.1,0.0,0.1,0.1,0.00635002,0.0,0.0,0.1,0.0,0.0,0.1,0.1
222,0.1,0.0,0.1,0.0,0.0,0.0,0.0,0.1,0.0,0.0,0.0,0.0,0.0,0.0,0.0,0.0
223,0.0,0.0,0.0,0.0,0.0,0.0,0.0,0.0,0.0,0.0,0.0,0.1,0.0,0.0,0.0,0.0
224,0.1,0.0,0.1,0.1,0.1,0.1,0.1,0.1,0.0,0.0,0.1,0.0,0.1,0.1,0.1,0.1
225,0.1,0.0,0.1,0.1,0.1,0.1,0.0,0.0,0.00635002,0.0,0.0,0.1,0.0,0.0,0.1,0.0
226,0.1,0.0,0.1,0.1,0.1,0.1,0.0,0.0,0.00635002,0.1,0.1,0.0,0.0,0.1,0.0,0.1
227,0.0,0.1,0.1,0.1,0.1,0.1,0.0,0.0,0.00635002,0.0,0.1,0.1,0.0,0.1,0.0,0.0
228,0.0,0.1,0.0,0.0,0.1,0.0,0.0,0.0,0.00635002,0.0,0.1,0.0,0.0,0.1,0.0,0.0
229,0.1,0.0,0.0,0.0,0.0,0.0,0.0,0.1,0.00635002,0.1,0.1,0.0,0.0,0.0,0.0,0.1
230,0.8835294,0.0,0.0,0.0,0.0,0.0,0.0,0.0,0.0,0.1,0.1,0.1,0.0,0.0,0.0,0.1
231,0.9964706,0.0,0.1,0.0,0.0,0.0,0.34705883,0.1,0.0,0.1,0.1,0.1,0.1,0.1,0.0,0.1
232,0.9964706,0.10941176,0.1,0.0,0.1,0.1,0.8929412,0.1,0.07208136,0.1,0.29764706,0.19176471,0.1,0.1,0.1,0.074117646
233,0.8964706,0.16352943,0.1,0.1,0.34352943,0.1,0.8929412,0.09882353,0.51129705,0.1,0.9964706,0.8929412,0.1,0.2517647,0.0,0.78705883
234,0.9964706,0.1,0.0,0.9929412,0.9894118,0.1,0.074117646,0.82941175,0.27600294,0.1,0.9929412,0.6917647,0.11764706,0.82235295,0.0,0.8258824
235,0.85058826,0.1,0.0,0.98588234,0.4729412,0.0,0.0,0.9964706,0.0025171677,0.25882354,0.47764707,0.1,0.24000001,0.9894118,0.0,0.20588236
236,0.6988236,0.0,0.0,0.98588234,0.0,0.0,0.0,0.8929412,0.21717939,0.5364706,0.1,0.0,0.80470586,0.9894118,0.0,0.0
237,0.6988236,0.1,0.1,0.8858824,0.0,0.1,0.1,0.8929412,0.9396834,0.8258824,0.0,0.0,0.9894118,0.9894118,0.9,0.0
238,0.6988236,0.8376471,0.1,0.98588234,0.0,0.12470588,0.1,0.58588237,0.8965461,0.8964706,0.0,0.0,0.88941175,0.50941175,0.9,0.1
239,0.6988236,0.9929412,0.29647058,0.9929412,0.0,0.8164706,0.0,0.06352942,0.9396834,0.9964706,0.0,0.1,0.8929412,0.11764706,0.9,0.0
240,0.6988236,0.9929412,0.8964706,0.98588234,0.0,0.9964706,0.1,0.1,0.6524735,0.8964706,0.0,0.1,0.88941175,0.5764706,0.0,0.0
241,0.6988236,0.22941178,0.22235294,0.98588234,0.1,0.9964706,0.0,0.1,0.4799245,0.8964706,0.0,0.1,0.88941175,0.9894118,0.1,0.0
242,0.6988236,0.0,0.1,0.87647057,0.0,0.35764706,0.1,0.0,0.26423824,0.8964706,0.0,0.1,0.5647059,0.9894118,0.1,0.0
243,0.6988236,0.0,0.1,0.28,0.40235293,0.1,0.1517647,0.0,0.07208136,0.88235295,0.4729412,0.1,0.6670588,0.88941175,0.1,0.1
244,0.6,0.1,0.1,0.1,0.88941175,0.1,0.9964706,0.0,0.036787234,0.7447059,0.88235295,0.1,0.9929412,0.0,0.1,0.1
245,0.1835294,0.0,0.1,0.1,0.074117646,0.0,0.61058825,0.0,0.00635002,0.6329412,0.9964706,0.1,0.4247059,0.1,0.0,0.1
246,0.0,0.1,0.0,0.0,0.1,0.0,0.14588235,0.1,0.0,0.121176474,0.2647059,0.0,0.1,0.1,0.0,0.1
247,0.1,0.0,0.1,0.0,0.1,0.0,0.1,0.0,0.00635002,0.0,0.0,0.1,0.0,0.0,0.1,0.1
248,0.1,0.1,0.0,0.0,0.1,0.0,0.1,0.1,0.00635002,0.0,0.0,0.1,0.0,0.0,0.0,0.1
249,0.1,0.0,0.1,0.0,0.1,0.0,0.0,0.0,0.00635002,0.0,0.0,0.1,0.0,0.0,0.1,0.1
250,0.0,0.1,0.1,0.0,0.1,0.1,0.1,0.1,0.0,0.0,0.1,0.1,0.1,0.0,0.0,0.1
251,0.0,0.0,0.0,0.0,0.0,0.0,0.1,0.0,0.0,0.1,0.0,0.0,0.0,0.0,0.0,0.0
252,0.0,0.1,0.1,0.0,0.0,0.1,0.0,0.0,0.0,0.1,0.0,0.1,0.0,0.1,0.1,0.0
253,0.0,0.0,0.1,0.1,0.1,0.1,0.1,0.0,0.00635002,0.1,0.0,0.1,0.0,0.0,0.1,0.0
254,0.0,0.1,0.1,0.1,0.0,0.1,0.1,0.0,0.00635002,0.1,0.0,0.1,0.1,0.1,0.1,0.0
255,0.0,0.1,0.1,0.1,0.1,0.1,0.0,0.0,0.003474173,0.1,0.1,0.0,0.0,0.1,0.0,0.0
256,0.0,0.1,0.0,0.1,0.0,0.0,0.0,0.1,0.0,0.1,0.1,0.0,0.0,0.1,0.0,0.1
257,0.1,0.1,0.0,0.0,0.1,0.0,0.1,0.0,0.0,0.1,0.1,0.1,0.0,0.1,0.0,0.0
258,0.3364706,0.1,0.1,0.0,0.1,0.0,0.17764705,0.0,0.0,0.1,0.1,0.1,0.1,0.1,0.1,0.0
259,0.40235293,0.0,0.1,0.1,0.1,0.1,0.64000005,0.0,0.036787234,0.1,0.1,0.1,0.1,0.1,0.0,0.0
260,0.25411767,0.1,0.1,0.1,0.25882354,0.1,0.8929412,0.0,0.8141932,0.1,0.22235294,0.6294118,0.1,0.2517647,0.1,0.0
261,0.40235293,0.1,0.0,0.74235296,0.9329412,0.1,0.33882353,0.50823534,0.9985069,0.26235294,0.9964706,0.8929412,0.1,0.7282353,0.0,0.43058825
262,0.57529414,0.1,0.0,1.0,0.86588234,0.0,0.0,0.8929412,0.31223238,0.54,0.6576471,0.6917647,0.19411765,0.9929412,0.0,0.8929412
263,0.8011765,0.1,0.1,0.9929412,0.04235294,0.1,0.0,0.8964706,0.00635002,0.84705883,0.0,0.1,0.88941175,0.9894118,0.0,0.1764706
264,0.8964706,0.1,0.1,0.9929412,0.0,0.1,0.0,0.8929412,0.00635002,0.8964706,0.0,0.1,0.88941175,0.88,0.1,0.0
265,0.7941176,0.5129412,0.0,0.9929412,0.0,0.1,0.0,0.8929412,0.13184023,0.8964706,0.0,0.1,0.8011765,0.1517647,0.5517647,0.1
266,0.8964706,0.9717647,0.1,0.9929412,0.0,0.18705882,0.0,0.8929412,0.00635002,0.8011765,0.0,0.1,0.37882355,0.007058824,0.9,0.1
267,0.8964706,0.9929412,0.8129412,0.92588234,0.0,0.8964706,0.0,0.84000003,0.11129704,0.58588237,0.0,0.1,0.24352942,0.0,0.9,0.1
268,0.8964706,0.79882354,0.78705883,0.8835294,0.0,0.9964706,0.0,0.40588236,0.0014931178,0.4694118,0.0,0.1,0.24352942,0.11764706,0.5517647,0.1
269,0.88235295,0.03529412,0.13882354,0.9929412,0.0,0.982353,0.1,0.02117647,0.0,0.8858824,0.0,0.1,0.3529412,0.19058824,0.0,0.1
270,0.8082353,0.0,0.1,0.9929412,0.0,0.0,0.2517647,0.0,0.0,0.7058824,0.1,0.3011765,0.31764707,0.8188235,0.1,0.1
271,0.8964706,0.1,0.0,0.9929412,0.67764705,0.0,0.81529415,0.0,0.00635002,0.8964706,0.1,0.4,0.9329412,0.88941175,0.1,0.1
272,0.8964706,0.0,0.0,0.0,0.88941175,0.0,0.8964706,0.1,0.00635002,0.8082353,0.88,0.3,0.9717647,0.8411765,0.0,0.1
273,0.49411768,0.1,0.0,0.1,0.074117646,0.0,0.4247059,0.0,0.00635002,0.89411765,0.8964706,0.13411765,0.2364706,0.1,0.0,0.1
274,0.1,0.0,0.0,0.1,0.1,0.0,0.1,0.0,0.00635002,0.3670588,0.5541177,0.0,0.0,0.1,0.0,0.1
275,0.1,0.0,0.0,0.1,0.1,0.0,0.1,0.0,0.00635002,0.1,0.0,0.1,0.0,0.0,0.1,0.1
276,0.1,0.1,0.0,0.1,0.1,0.0,0.1,0.0,0.00635002,0.0,0.0,0.1,0.0,0.0,0.0,0.1
277,0.0,0.1,0.0,0.0,0.0,0.0,0.1,0.1,0.0,0.1,0.1,0.0,0.1,0.0,0.0,0.1
278,0.0,0.1,0.0,0.0,0.0,0.0,0.1,0.0,0.0,0.0,0.1,0.0,0.0,0.0,0.0,0.1
279,0.0,0.0,0.0,0.0,0.0,0.0,0.1,0.0,0.0,0.1,0.0,0.1,0.0,0.0,0.0,0.0
280,0.1,0.1,0.1,0.0,0.1,0.1,0.1,0.0,0.0,0.1,0.0,0.1,0.0,0.0,0.1,0.0
281,0.0,0.1,0.1,0.1,0.1,0.1,0.1,0.0,0.00635002,0.1,0.1,0.1,0.0,0.0,0.1,0.0
282,0.0,0.0,0.1,0.1,0.1,0.1,0.1,0.1,0.00635002,0.1,0.1,0.1,0.0,0.1,0.0,0.0
283,0.1,0.1,0.0,0.0,0.0,0.1,0.1,0.0,0.00635002,0.1,0.1,0.0,0.0,0.1,0.0,0.1
284,0.1,0.1,0.0,0.0,0.0,0.0,0.1,0.0,0.0,0.1,0.0,0.0,0.0,0.0,0.0,0.1
285,0.1,0.1,0.0,0.0,0.0,0.0,0.1,0.1,0.0,0.1,0.1,0.1,0.1,0.0,0.1,0.1
286,0.1,0.1,0.1,0.1,0.1,0.1,0.67529416,0.0,0.017179392,0.1,0.1,0.1,0.1,0.1,0.1,0.0
287,0.1,0.1,0.1,0.1,0.1,0.1,0.9,0.0,0.7004677,0.1,0.1,0.1,0.0,0.1,0.1,0.0
288,0.0,0.1,0.1,0.32235295,0.6929412,0.1,0.72,0.10941176,0.9985069,0.64000005,0.7847059,0.7941176,0.0,0.4282353,0.1,0.0
289,0.0,0.1,0.1,0.88,0.8717647,0.1,0.03882353,0.9505882,0.5239971,0.8258824,0.8964706,0.8929412,0.1517647,0.9929412,0.0,0.43411765
290,0.0,0.1,0.1,0.9929412,0.18705882,0.1,0.0,0.9929412,0.032865666,0.9964706,0.4635294,0.33882353,0.82235295,1.0,0.1,0.8964706
291,0.060000002,0.1,0.0,0.8858824,0.0,0.0,0.0,0.83411765,0.0,0.9964706,0.0,0.1,0.9894118,0.8788235,0.1,0.32117647
292,0.2329412,0.36823532,0.1,0.98588234,0.0,0.1,0.0,0.7529412,0.0,0.66,0.1,0.1,0.65294117,0.5058824,0.1,0.18
293,0.14941177,0.9717647,0.0,0.8858824,0.1,0.0,0.1,0.8929412,0.0,0.5011765,0.1,0.1,0.2764706,0.0,1.0,0.28
294,0.3364706,0.9929412,0.11294118,0.6188235,0.1,0.5729412,0.0,0.8929412,0.0,0.1282353,0.1,0.1,0.1,0.0,0.9,0.28
295,0.3364706,0.81529415,0.8964706,0.37176472,0.0,0.8964706,0.0,0.8929412,0.0,0.1,0.0,0.1,0.0,0.1,0.9,0.13529412
296,0.3364706,0.22235294,0.86235297,0.21882352,0.0,0.9964706,0.0,0.81529415,0.0,0.1,0.0,0.6329412,0.0,0.0,0.45176473,0.1
297,0.3082353,0.0,0.1,0.45176473,0.0,0.7352941,0.1,0.08470588,0.0,0.77411765,0.1,0.79764706,0.0917647,0.0,0.1,0.1
298,0.074117646,0.1,0.1,0.8858824,0.06352942,0.0,0.3670588,0.0,0.00635002,0.24117649,0.1,0.9576471,0.8164706,0.48000002,0.1,0.1
299,0.8329412,0.1,0.0,0.8858824,0.9,0.0,0.8964706,0.0,0.00635002,0.79882354,0.1,0.88941175,0.9894118,0.8858824,0.1,0.1
300,0.8964706,0.1,0.0,0.37058824,0.8929412,0.1,0.5576471,0.0,0.00635002,0.8682353,0.6294118,0.88941175,0.5764706,1.0,0.0,0.0
301,0.47411767,0.0,0.0,0.1,0.17411765,0.1,0.1,0.1,0.00635002,0.78705883,0.8964706,0.84000003,0.0,0.6435294,0.0,0.0
302,0.1,0.1,0.0,0.1,0.1,0.0,0.1,0.1,0.00635002,0.9929412,0.7517647,0.44117647,0.0,0.1,0.0,0.1
303,0.1,0.0,0.0,0.1,0.1,0.0,0.1,0.0,0.00635002,0.17411765,0.0,0.1,0.0,0.0,0.1,0.1
304,0.0,0.1,0.0,0.0,0.1,0.0,0.1,0.1,0.0,0.0,0.0,0.1,0.1,0.0,0.0,0.1
305,0.0,0.0,0.1,0.0,0.0,0.1,0.0,0.0,0.0038353787,0.0,0.0,0.0,0.1,0.1,0.0,0.1
306,0.0,0.1,0.0,0.1,0.0,0.1,0.0,0.1,0.0,0.0,0.0,0.1,0.1,0.1,0.0,0.1
307,0.0,0.0,0.0,0.0,0.0,0.0,0.1,0.0,0.0059888144,0.1,0.1,0.1,0.0,0.0,0.0,0.0
308,0.0,0.1,0.1,0.0,0.1,0.0,0.1,0.1,0.00635002,0.1,0.0,0.1,0.0,0.0,0.1,0.0
309,0.0,0.1,0.1,0.0,0.1,0.1,0.1,0.1,0.00635002,0.1,0.0,0.1,0.0,0.0,0.1,0.0
310,0.0,0.1,0.0,0.0,0.0,0.0,0.1,0.1,0.00635002,0.1,0.0,0.1,0.1,0.0,0.1,0.0
311,0.0,0.1,0.0,0.0,0.0,0.1,0.1,0.1,0.0,0.1,0.1,0.0,0.0,0.0,0.1,0.1
312,0.0,0.1,0.0,0.0,0.1,0.0,0.1,0.0,0.0,0.1,0.0,0.1,0.1,0.0,0.0,0.0
313,0.1,0.1,0.0,0.1,0.1,0.0,0.1,0.0,0.040708803,0.1,0.1,0.1,0.1,0.1,0.1,0.0
314,0.0,0.1,0.0,0.1,0.1,0.0,0.67176473,0.0,0.5279187,0.1282353,0.1,0.1,0.0,0.1,0.1,0.0
315,0.0,0.1,0.1,0.21294118,0.3964706,0.1,0.8929412,0.0,0.9985069,0.44470587,0.22,0.03529412,0.0,0.1,0.1,0.0
316,0.0,0.1,0.1,0.9152941,0.85411763,0.1,0.62823534,0.27882355,0.92007554,0.8929412,0.7764706,0.8082353,0.0,0.58588237,0.1,0.074117646
317,0.0,0.1,0.1,0.8858824,0.7447059,0.1,0.01764706,0.9964706,0.052473508,0.9964706,0.9435294,0.79764706,0.59294116,0.88941175,0.1,0.88705885
318,0.1,0.1,0.0,0.9929412,0.0,0.0,0.0,0.7811765,0.0,0.82235295,0.20470588,0.1,0.8929412,0.9929412,0.1,0.9929412
319,0.0,0.1,0.1,0.98588234,0.0,0.1,0.1,0.1,0.0,0.45176473,0.1,0.1,0.7282353,0.7529412,0.1,0.88941175
320,0.1,0.5517647,0.1,0.87647057,0.1,0.1,0.1,0.028235296,0.0,0.03882353,0.1,0.1,0.23058824,0.0,0.1,0.9929412
321,0.1,0.9929412,0.0,0.5835294,0.1,0.0,0.1,0.34588236,0.0,0.0,0.1,0.114117645,0.0,0.0,1.0,0.88941175
322,0.1,0.8929412,0.33529413,0.03529412,0.0,0.6917647,0.1,0.7729412,0.0,0.1,0.1,0.29058823,0.1,0.1,0.9,0.8929412
323,0.1,0.6082353,0.8964706,0.0,0.0,0.8964706,0.1,0.8964706,0.0025171677,0.1,0.0,0.8082353,0.0,0.1,0.9,0.70705885
324,0.1,0.1,0.7882353,0.0,0.1,0.9752941,0.13176471,0.9,0.00635002,0.1,0.1,0.8929412,0.1,0.0,0.5517647,0.28941178
325,0.0,0.1,0.0,0.10941176,0.1,0.16941176,0.56235296,0.7094118,0.00635002,0.8411765,0.1,0.9,0.34705883,0.0,0.1,0.1
326,0.39294118,0.1,0.0,0.8117647,0.49764708,0.0,0.93647057,0.06352942,0.0,0.2517647,0.0,0.8258824,0.9894118,0.0,0.1,0.0
327,0.8929412,0.1,0.0,0.8858824,0.8929412,0.1,0.8929412,0.0,0.00635002,0.34705883,0.1,0.61764705,0.9894118,0.73764706,0.1,0.0
328,0.8376471,0.1,0.0,0.9576471,0.6670588,0.1,0.1,0.0,0.00635002,0.9964706,0.29647058,0.7941176,0.32235295,0.8929412,0.0,0.0
329,0.16352943,0.1,0.0,0.49882352,0.11764706,0.1,0.1,0.0,0.00635002,0.9964706,0.8964706,0.9,0.0,0.7270588,0.0,0.0
330,0.0,0.1,0.0,0.11764706,0.1,0.0,0.1,0.1,0.00635002,0.9964706,0.7517647,0.9047059,0.0,0.1,0.0,0.0
331,0.0,0.0,0.0,0.0,0.0,0.0,0.0,0.1,0.0,0.074117646,0.0,0.10941176,0.1,0.0,0.1,0.0
332,0.0,0.1,0.1,0.0,0.0,0.1,0.1,0.1,0.0,0.0,0.0,0.1,0.1,0.1,0.0,0.0
333,0.0,0.0,0.1,0.1,0.0,0.1,0.1,0.1,0.0,0.0,0.0,0.0,0.1,0.1,0.1,0.1
334,0.0,0.1,0.1,0.1,0.0,0.1,0.1,0.1,0.0,0.0,0.0,0.1,0.1,0.0,0.0,0.1
335,0.0,0.0,0.0,0.0,0.0,0.0,0.1,0.0,0.0015552205,0.0,0.0,0.1,0.0,0.0,0.0,0.0
336,0.0,0.1,0.1,0.0,0.1,0.1,0.1,0.1,0.00635002,0.1,0.0,0.1,0.1,0.0,0.1,0.0
337,0.0,0.1,0.1,0.0,0.1,0.1,0.1,0.1,0.00635002,0.1,0.0,0.1,0.1,0.0,0.1,0.0
338,0.0,0.0,0.1,0.0,0.0,0.1,0.1,0.1,0.00635002,0.1,0.0,0.0,0.1,0.1,0.1,0.1
339,0.0,0.1,0.0,0.0,0.0,0.0,0.1,0.1,0.0,0.1,0.0,0.1,0.1,0.0,0.1,0.1
340,0.1,0.1,0.0,0.0,0.1,0.0,0.1,0.0,0.0,0.1,0.1,0.1,0.1,0.0,0.0,0.0
341,0.0,0.1,0.0,0.1,0.1,0.0,0.1,0.0,0.36713433,0.0,0.1,0.1,0.1,0.1,0.1,0.0
342,0.0,0.1,0.1,0.1,0.0,0.1,0.67176473,0.0,0.9985069,0.25411767,0.1,0.0,0.0,0.1,0.1,0.0
343,0.0,0.0,0.1,0.23058824,0.5964706,0.1,0.8929412,0.0,0.88085985,0.85764706,0.44470587,0.3882353,0.0,0.16705883,0.1,0.074117646
344,0.0,0.1,0.1,0.8858824,0.88941175,0.0,0.8929412,0.40352944,0.11615394,0.9964706,0.8964706,0.88941175,0.5470588,0.7764706,0.1,0.75529414
345,0.0,0.1,0.0,0.8858824,0.37411764,0.0,0.6741177,0.9929412,0.0,0.9047059,0.60352945,0.5294118,0.9929412,0.88941175,0.0,0.8929412
346,0.1,0.1,0.0,0.8929412,0.0,0.1,0.61764705,0.38235295,0.0,0.19058824,0.1,0.1,0.95411766,0.8929412,0.1,0.7164706
347,0.1,0.7211765,0.1,0.6635294,0.1,0.1,0.24705884,0.0,0.0,0.0,0.0,0.1,0.14823529,0.3247059,0.1,0.5717647
348,0.1,0.9682353,0.0,0.17058824,0.1,0.0,0.34705883,0.0,0.0,0.1,0.1,0.19176471,0.1,0.0,0.1,0.36
349,0.1,0.8929412,0.0,0.1,0.1,0.20470588,0.34705883,0.0,0.0,0.1,0.1,0.45176473,0.0,0.1,0.9,0.36
350,0.1,0.5611765,0.49411768,0.1,0.1,0.8964706,0.34705883,0.64235294,0.00635002,0.0,0.1,0.88941175,0.0,0.1,0.9,0.8164706
351,0.0,0.14235294,0.8964706,0.0,0.1,0.8964706,0.5694118,0.8929412,0.00635002,0.010588235,0.0,0.88941175,0.0,0.1,0.9,0.78705883
352,0.1,0.1,0.27176473,0.1,0.1,0.93647057,0.69529414,0.8964706,0.0,0.11294118,0.0,0.8011765,0.01764706,0.0,0.5517647,0.8964706
353,0.07764706,0.1,0.0,0.0,0.21294118,0.0,0.8929412,0.6741177,0.0,0.50941175,0.0,0.5729412,0.77411765,0.0,0.1,0.8929412
354,0.82235295,0.1,0.0,0.3847059,0.91882354,0.1,0.8929412,0.04235294,0.0,0.89411765,0.0,0.09882353,0.8929412,0.0,0.1,0.18
355,1.0,0.1,0.0,0.8858824,0.88235295,0.1,0.5964706,0.1,0.0,0.85411763,0.0,0.0,0.67058825,0.40941176,0.1,0.03529412
356,0.39294118,0.1,0.1,0.9929412,0.3329412,0.1,0.0,0.1,0.00635002,0.9964706,0.3964706,0.1,0.0,0.8929412,0.1,0.0
357,0.1,0.1,0.0,0.8858824,0.1,0.0,0.0,0.1,0.0,1.0,0.8964706,0.7282353,0.0,0.82705885,0.0,0.0
358,0.0,0.0,0.1,0.12352942,0.0,0.1,0.0,0.1,0.00635002,0.5717647,0.7517647,0.9894118,0.1,0.0,0.1,0.0
359,0.0,0.0,0.1,0.0,0.0,0.1,0.0,0.1,0.00635002,0.01764706,0.0,0.19764706,0.1,0.1,0.0,0.0
360,0.0,0.1,0.1,0.0,0.0,0.1,0.0,0.1,0.00635002,0.0,0.1,0.1,0.1,0.1,0.1,0.1
361,0.1,0.1,0.1,0.0,0.0,0.1,0.0,0.1,0.0053930148,0.1,0.0,0.0,0.0,0.1,0.0,0.1
362,0.1,0.1,0.1,0.0,0.0,0.1,0.1,0.0,0.0059888144,0.1,0.1,0.1,0.0,0.1,0.0,0.1
363,0.0,0.0,0.0,0.1,0.0,0.0,0.1,0.0,0.0019164265,0.0,0.0,0.1,0.0,0.0,0.0,0.0
364,0.0,0.0,0.1,0.0,0.1,0.1,0.1,0.1,0.0,0.1,0.0,0.1,0.1,0.0,0.1,0.0
365,0.0,0.1,0.1,0.0,0.1,0.1,0.1,0.0,0.00635002,0.0,0.1,0.0,0.1,0.1,0.1,0.0
366,0.0,0.0,0.0,0.1,0.1,0.1,0.0,0.1,0.0,0.0,0.1,0.0,0.1,0.1,0.1,0.0
367,0.0,0.1,0.0,0.0,0.1,0.0,0.0,0.0,0.0,0.1,0.1,0.1,0.1,0.0,0.1,0.0
368,0.0,0.1,0.0,0.1,0.1,0.0,0.1,0.0,0.0,0.0,0.1,0.0,0.0,0.1,0.1,0.0
369,0.0,0.0,0.0,0.1,0.1,0.0,0.0,0.0,0.59458536,0.0,0.0,0.0,0.0,0.1,0.1,0.0
370,0.1,0.0,0.0,0.1,0.15294118,0.0,0.28,0.0,0.9985069,0.2647059,0.0,0.0,0.0,0.1,0.1,0.1
371,0.1,0.0,0.0,0.13058823,0.7941176,0.0,0.80470586,0.0,0.688703,0.9470588,0.75529414,0.5611765,0.0,0.24705884,0.1,0.31529412
372,0.0,0.1,0.0,0.8858824,0.88941175,0.0,0.8929412,0.7176471,0.0,0.9964706,0.8435294,0.9894118,0.8305882,0.88941175,0.0,0.8929412
373,0.1,0.1,0.0,0.8858824,0.0,0.1,0.8929412,0.9929412,0.0,0.78705883,0.21176471,0.49882352,0.9894118,0.88941175,0.0,0.60352945
374,0.0,0.1882353,0.0,0.7094118,0.1,0.1,0.8964706,0.5470588,0.00635002,0.3847059,0.0,0.1,0.91176474,0.67764705,0.1,0.0
375,0.1,0.8258824,0.1,0.105882354,0.1,0.1,0.8929412,0.0,0.00635002,0.58705884,0.0,0.0,0.1,0.060000002,0.1,0.0
376,0.0,0.8929412,0.1,0.0,0.0,0.0,0.8929412,0.1,0.0025171677,0.7282353,0.0,0.5294118,0.1,0.0,0.0,0.0
377,0.1,0.82235295,0.20117646,0.0,0.1,0.3917647,0.8929412,0.1,0.0,0.62823534,0.1,0.8929412,0.0,0.1,0.9,0.1
378,0.0,0.22352943,0.8364706,0.0,0.1,0.8964706,0.8929412,0.8258824,0.0,0.5964706,0.0,0.88941175,0.0,0.1,0.9,0.1
379,0.0,0.1,0.7235294,0.1,0.1,0.8964706,0.8964706,0.8929412,0.0,0.7411765,0.0,0.6564706,0.01764706,0.0,0.9,0.07058824
380,0.0,0.1,0.028235296,0.0,0.1,0.4658824,0.8929412,0.8964706,0.0,0.8858824,0.0,0.2517647,0.48000002,0.1,0.5517647,0.39529413
381,0.45529413,0.1,0.0,0.0,0.5729412,0.0,0.8929412,0.47647062,0.0,0.9152941,0.0,0.1,0.88941175,0.0,0.1,0.67764705
382,0.8964706,0.1,0.0,0.10941176,0.9894118,0.0,0.7729412,0.0,0.0,0.8964706,0.1,0.1,0.88941175,0.0,0.1,0.8929412
383,0.94,0.1,0.1,0.7058824,0.8447059,0.1,0.12352942,0.0,0.0,0.9964706,0.1,0.0,0.22588237,0.40941176,0.1,0.7482353
384,0.2552941,0.0,0.1,0.8929412,0.1,0.0,0.0,0.1,0.00635002,0.9964706,0.3964706,0.1,0.0,0.8929412,0.1,0.14470589
385,0.0,0.0,0.0,0.8858824,0.1,0.0,0.0,0.1,0.00635002,0.91882354,0.8964706,0.5976471,0.1,0.78705883,0.0,0.0
386,0.0,0.1,0.0,0.12352942,0.1,0.1,0.0,0.0,0.00635002,0.13411765,0.7517647,0.9894118,0.1,0.1882353,0.0,0.1
387,0.0,0.0,0.1,0.0,0.0,0.1,0.0,0.1,0.00635002,0.1,0.0,0.19764706,0.1,0.0,0.1,0.0
388,0.0,0.1,0.0,0.0,0.0,0.0,0.1,0.0,0.0059888144,0.1,0.0,0.1,0.1,0.0,0.0,0.0
389,0.1,0.0,0.1,0.0,0.1,0.1,0.1,0.1,0.0053930148,0.1,0.0,0.1,0.0,0.0,0.0,0.0
390,0.1,0.1,0.0,0.0,0.1,0.1,0.1,0.0,0.00635002,0.1,0.0,0.0,0.1,0.0,0.0,0.0
391,0.0,0.0,0.0,0.1,0.0,0.0,0.0,0.0,0.0019164265,0.0,0.1,0.1,0.0,0.0,0.0,0.1
392,0.0,0.0,0.1,0.0,0.1,0.1,0.1,0.1,0.00635002,0.0,0.1,0.1,0.1,0.1,0.1,0.0
393,0.0,0.1,0.1,0.1,0.1,0.1,0.1,0.0,0.0,0.0,0.1,0.0,0.0,0.1,0.1,0.0
394,0.0,0.0,0.0,0.1,0.1,0.0,0.0,0.1,0.0,0.0,0.1,0.0,0.1,0.1,0.1,0.0
395,0.0,0.1,0.0,0.0,0.1,0.0,0.0,0.0,0.0,0.0,0.0,0.1,0.1,0.0,0.0,0.0
396,0.0,0.0,0.0,0.0,0.1,0.0,0.0,0.0,0.0,0.0,0.0,0.1,0.1,0.1,0.1,0.0
397,0.0,0.0,0.0,0.0,0.0,0.0,0.0,0.0,0.9239971,0.0,0.1,0.1,0.0,0.1,0.1,0.0
398,0.0,0.0,0.1,0.1,0.07764706,0.0,0.0,0.1,0.9985069,0.03176471,0.0,0.1,0.1,0.1,0.1,0.0
399,0.0,0.0,0.0,0.23058824,0.88941175,0.0,0.060000002,0.0,0.95835584,0.61764705,0.75529414,0.7529412,0.1,0.43058825,0.1,0.0
400,0.0,0.1,0.0,0.8929412,0.57882357,0.0,0.22941178,0.40352944,0.4916892,0.8611765,0.70235294,0.88941175,0.8305882,0.88941175,0.1,0.0
401,0.0,0.1,0.0,0.8929412,0.0,0.0,0.48352945,0.8929412,0.18712506,0.8929412,0.0,0.49882352,0.9894118,0.88941175,0.1,0.0
402,0.0,0.6988236,0.1,0.0,0.1,0.1,0.8964706,0.7341176,0.00635002,0.9,0.0,0.0,0.91176474,0.22235294,0.1,0.0
403,0.0,0.8929412,0.1,0.0,0.0,0.1,0.91882354,0.14117648,0.0,0.8964706,0.0,0.13411765,0.1,0.0,0.1,0.1
404,0.0,0.8929412,0.0,0.0,0.0,0.0,0.48352945,0.4,0.0,0.8964706,0.0,0.8364706,0.1,0.1,0.1,0.1
405,0.0,0.49764708,0.43764704,0.1,0.0,0.57529414,0.48352945,0.6858824,0.0,0.8858824,0.0,0.8929412,0.1,0.1,0.9,0.1
406,0.0,0.1,0.9,0.1,0.1,0.8964706,0.48352945,0.8858824,0.0,0.8964706,0.0,0.5329412,0.11294118,0.1,0.9,0.1
407,0.0,0.1,0.58235294,0.0,0.1,0.84000003,0.15529412,0.93647057,0.0,0.8964706,0.0,0.02117647,0.48705885,0.0,0.9,0.1
408,0.3082353,0.1,0.0,0.0,0.1,0.09882353,0.8929412,0.8964706,0.0,0.8964706,0.1,0.1,0.88941175,0.1,0.0,0.1
409,0.8788235,0.1,0.1,0.0,0.6964706,0.1,0.8929412,0.9329412,0.0,0.8964706,0.0,0.0,0.88941175,0.1,0.0,0.0
410,0.8964706,0.0,0.1,0.21294118,0.9894118,0.1,0.56823534,0.2482353,0.0,0.9964706,0.1,0.0,0.90117645,0.0,0.0,0.46
411,0.21882352,0.1,0.1,0.71294117,0.68941176,0.1,0.0,0.1,0.0,0.9894118,0.0,0.0,0.05647059,0.40941176,0.1,0.7164706
412,0.0,0.0,0.1,0.9,0.1,0.1,0.0,0.1,0.00635002,0.7035294,0.29647058,0.0,0.1,0.8929412,0.1,0.92588234
413,0.1,0.1,0.0,0.8929412,0.1,0.0,0.0,0.1,0.00635002,0.0882353,0.8964706,0.5976471,0.1,0.9894118,0.0,0.18
414,0.0,0.0,0.1,0.57882357,0.0,0.1,0.0,0.0,0.00635002,0.0,0.7517647,0.8129412,0.1,0.24352942,0.1,0.0
415,0.0,0.1,0.1,0.0,0.0,0.1,0.0,0.0,0.00635002,0.0,0.0,0.02117647,0.1,0.0,0.0,0.0
416,0.0,0.0,0.1,0.0,0.1,0.1,0.1,0.1,0.00635002,0.1,0.0,0.1,0.1,0.0,0.0,0.0
417,0.1,0.1,0.0,0.0,0.1,0.1,0.1,0.0,0.0028783735,0.1,0.0,0.0,0.0,0.0,0.0,0.1
418,0.1,0.0,0.0,0.1,0.1,0.0,0.1,0.0,0.0,0.1,0.1,0.0,0.0,0.0,0.0,0.0
419,0.0,0.0,0.0,0.1,0.0,0.0,0.0,0.0,0.0015552205,0.0,0.1,0.1,0.0,0.1,0.0,0.1
420,0.0,0.1,0.1,0.1,0.1,0.1,0.1,0.0,0.00635002,0.0,0.1,0.0,0.1,0.1,0.0,0.0
421,0.0,0.1,0.1,0.1,0.1,0.1,0.1,0.0,0.0,0.0,0.1,0.0,0.0,0.1,0.1,0.0
422,0.0,0.1,0.1,0.1,0.0,0.1,0.0,0.0,0.0,0.1,0.0,0.0,0.0,0.0,0.0,0.0
423,0.0,0.1,0.0,0.0,0.0,0.0,0.0,0.0,0.0,0.0,0.1,0.0,0.0,0.1,0.0,0.0
424,0.0,0.0,0.0,0.1,0.1,0.0,0.0,0.1,0.0,0.0,0.1,0.1,0.0,0.1,0.1,0.0
425,0.0,0.0,0.1,0.1,0.1,0.1,0.0,0.1,0.99364996,0.1,0.1,0.0,0.1,0.1,0.1,0.0
426,0.1,0.1,0.1,0.1,0.03176471,0.1,0.0,0.0,0.9985069,0.0,0.13882354,0.0,0.1,0.0,0.1,0.0
427,0.0,0.1,0.0,0.59411764,0.72,0.1,0.0,0.0,0.9858068,0.1,0.7729412,0.79882354,0.1,0.4658824,0.1,0.1
428,0.1,0.1,0.0,0.8858824,0.73764706,0.1,0.0,0.06352942,0.9858068,0.05647059,0.70235294,0.9929412,0.68235296,0.8929412,0.0,0.1
429,0.0,0.37529415,0.1,0.8858824,0.06352942,0.1,0.0,0.84000003,0.99066377,0.48000002,0.0,0.40235293,0.9894118,0.8929412,0.0,0.0
430,0.0,0.8752941,0.0,0.1,0.0,0.1,0.1,0.9929412,0.5701206,0.6882353,0.0,0.0,0.97882354,0.0,0.1,0.1
431,0.0,0.8929412,0.0,0.0,0.0,0.1,0.1,0.8964706,0.35051274,0.6211765,0.1,0.51882356,0.8305882,0.1,0.1,0.1
432,0.0,0.6670588,0.0,0.0,0.0,0.31176472,0.1,0.8929412,0.48085982,0.51529413,0.0,0.8929412,0.73058826,0.1,0.0,0.1
433,0.0,0.14235294,0.60352945,0.1,0.0,0.88941175,0.0,0.8929412,0.32698333,0.54,0.0,0.57529414,0.73058826,0.1,0.9,0.1
434,0.0,0.1,0.8964706,0.0,0.0,0.8964706,0.0,0.7529412,0.15835586,0.7058824,0.0,0.1,0.80470586,0.0,0.9,0.1
435,0.0,0.1,0.38588238,0.0,0.1,0.88705885,0.22,0.22705883,0.15835586,0.9964706,0.0,0.1,0.8929412,0.0,0.9,0.1
436,0.4694118,0.1,0.1,0.0,0.07764706,0.1,0.8964706,0.86235297,0.33968335,0.8964706,0.1,0.1,0.9894118,0.1,0.0,0.1
437,0.8964706,0.0,0.1,0.0,0.8929412,0.1,0.7270588,0.9929412,0.11615394,0.9964706,0.1,0.0,0.88941175,0.1,0.0,0.1
438,0.66,0.0,0.1,0.4847059,0.9929412,0.1,0.074117646,0.6364706,0.00635002,0.9964706,0.1,0.0,0.6647059,0.1,0.1,0.0
439,0.01764706,0.0,0.1,0.98588234,0.47764707,0.1,0.1,0.1,0.0,0.6294118,0.0,0.0,0.1,0.40941176,0.1,0.17058824
440,0.0,0.1,0.0,0.9929412,0.0,0.1,0.1,0.0,0.00635002,0.05647059,0.3964706,0.0,0.0,1.0,0.1,0.85176474
441,0.0,0.1,0.0,0.8858824,0.0,0.0,0.0,0.0,0.00635002,0.0,0.8964706,0.6435294,0.1,0.9929412,0.1,0.91882354
442,0.0,0.0,0.0,0.12352942,0.0,0.0,0.1,0.1,0.0,0.0,0.7517647,0.7952941,0.0,0.24352942,0.0,0.28941178
443,0.1,0.0,0.1,0.0,0.0,0.1,0.1,0.1,0.0025171677,0.1,0.0,0.1,0.1,0.0,0.0,0.0
444,0.1,0.0,0.0,0.0,0.0,0.0,0.0,0.1,0.0,0.1,0.0,0.0,0.0,0.0,0.0,0.0
445,0.1,0.0,0.1,0.0,0.1,0.1,0.0,0.0,0.0,0.1,0.0,0.0,0.0,0.0,0.0,0.0
446,0.1,0.0,0.0,0.0,0.1,0.0,0.1,0.0,0.0,0.0,0.1,0.0,0.0,0.1,0.0,0.0
447,0.0,0.0,0.0,0.1,0.0,0.0,0.0,0.0,0.0,0.0,0.1,0.1,0.0,0.1,0.0,0.1
448,0.0,0.1,0.1,0.1,0.1,0.1,0.1,0.0,0.00635002,0.0,0.1,0.0,0.0,0.1,0.1,0.0
449,0.0,0.0,0.1,0.1,0.1,0.1,0.0,0.0,0.0,0.0,0.1,0.0,0.0,0.1,0.0,0.0
450,0.0,0.0,0.1,0.0,0.0,0.1,0.0,0.0,0.0,0.0,0.1,0.0,0.0,0.1,0.1,0.0
451,0.0,0.0,0.0,0.1,0.1,0.0,0.0,0.0,0.0,0.0,0.1,0.1,0.0,0.1,0.0,0.0
452,0.0,0.0,0.1,0.1,0.1,0.1,0.0,0.0,0.00635002,0.1,0.1,0.0,0.0,0.1,0.1,0.0
453,0.0,0.1,0.1,0.1,0.1,0.1,0.0,0.1,0.5514481,0.1,0.1,0.0,0.0,0.1,0.0,0.1
454,0.0,0.1,0.1,0.1,0.0,0.1,0.0,0.0,0.9985069,0.0,0.34588236,0.1,0.0,0.1,0.1,0.1
455,0.1,0.1,0.0,0.7658824,0.5964706,0.1,0.0,0.0,0.9858068,0.0,0.8964706,0.7952941,0.0,0.6494118,0.0,0.1
456,0.0,0.067058824,0.1,0.8858824,0.88941175,0.1,0.1,0.1,0.9858068,0.0,0.80235296,0.9894118,0.03176471,0.88941175,0.0,0.1
457,0.0,0.7058824,0.0,0.8858824,0.70235294,0.0,0.0,0.24000001,0.9858068,0.0,0.0,0.49882352,0.6317647,0.88941175,0.0,0.1
458,0.0,0.8929412,0.1,0.0,0.3,0.1,0.1,0.9470588,0.9858068,0.0,0.1,0.0,0.9929412,0.1,0.1,0.1
459,0.0,0.8929412,0.1,0.0,0.3,0.1,0.1,1.0,0.9858068,0.0,0.1,0.6070588,0.88941175,0.0,0.1,0.1
460,0.0,0.49764708,0.18470588,0.1,0.4,0.37882355,0.0,0.9964706,0.9985069,0.1,0.0,0.88941175,0.88941175,0.0,0.1,0.1
461,0.0,0.1,0.8188235,0.0,0.3,0.8964706,0.0,0.6117647,0.9858068,0.1,0.0,0.6635294,0.88941175,0.0,0.9,0.1
462,0.0,0.1,0.7588235,0.1,0.45529413,0.8964706,0.0,0.1282353,0.9985069,0.67176473,0.0,0.0,0.9894118,0.1,0.9,0.1
463,0.03176471,0.1,0.1,0.0,0.57882357,0.6435294,0.6647059,0.1,0.9985069,0.9964706,0.1,0.1,0.3647059,0.0,1.0,0.1
464,0.7235294,0.1,0.1,0.17411765,0.6882353,0.1,0.9929412,0.5729412,0.9985069,0.9964706,0.1,0.1,0.6964706,0.1,0.1,0.1
465,0.8752941,0.0,0.1,0.32235295,0.88941175,0.1,0.24352942,0.9964706,0.91615397,0.9505882,0.0,0.0,0.9894118,0.1,0.1,0.1
466,0.20470588,0.0,0.1,0.9152941,0.88941175,0.1,0.0,0.88705885,0.6651736,0.44941178,0.0,0.0,0.29764706,0.1,0.1,0.1
467,0.0,0.0,0.0,0.98588234,0.37411764,0.1,0.1,0.12352942,0.00635002,0.11058824,0.0,0.0,0.1,0.50941175,0.1,0.1
468,0.0,0.0,0.0,0.8929412,0.0,0.1,0.0,0.1,0.00635002,0.0,0.67176473,0.19176471,0.1,0.8929412,0.1,0.31882352
469,0.0,0.0,0.0,0.8117647,0.0,0.0,0.0,0.1,0.00635002,0.1,0.9964706,0.9929412,0.1,0.9894118,0.0,0.7164706
470,0.0,0.0,0.0,0.105882354,0.0,0.1,0.0,0.1,0.00635002,0.1,0.73764706,0.7035294,0.1,0.24352942,0.0,0.8258824
471,0.1,0.1,0.0,0.0,0.0,0.0,0.1,0.0,0.0,0.1,0.0,0.0,0.0,0.0,0.0,0.39529413
472,0.1,0.1,0.0,0.0,0.1,0.0,0.0,0.0,0.0,0.1,0.0,0.0,0.0,0.0,0.0,0.0
473,0.1,0.1,0.0,0.0,0.1,0.0,0.1,0.0,0.0,0.0,0.0,0.0,0.0,0.0,0.0,0.0
474,0.1,0.1,0.0,0.1,0.1,0.0,0.1,0.0,0.0,0.0,0.1,0.0,0.0,0.1,0.1,0.0
475,0.0,0.0,0.0,0.1,0.0,0.0,0.0,0.0,0.0,0.0,0.1,0.1,0.0,0.1,0.0,0.1
476,0.0,0.1,0.1,0.1,0.1,0.1,0.0,0.0,0.0,0.0,0.1,0.0,0.0,0.1,0.0,0.0
477,0.0,0.0,0.1,0.1,0.1,0.1,0.0,0.0,0.0,0.0,0.1,0.0,0.0,0.0,0.0,0.1
478,0.0,0.1,0.1,0.0,0.0,0.1,0.1,0.0,0.00635002,0.0,0.0,0.1,0.0,0.0,0.1,0.1
479,0.0,0.1,0.0,0.1,0.1,0.0,0.0,0.0,0.00635002,0.0,0.1,0.0,0.0,0.1,0.0,0.0
480,0.1,0.0,0.0,0.1,0.1,0.0,0.0,0.0,0.0,0.1,0.1,0.0,0.0,0.1,0.0,0.1
481,0.0,0.0,0.0,0.1,0.1,0.1,0.1,0.0,0.005414686,0.0,0.0,0.1,0.1,0.1,0.0,0.1
482,0.1,0.1,0.0,0.0,0.1,0.1,0.0,0.0,0.20149311,0.0,0.34588236,0.0,0.0,0.1,0.0,0.1
483,0.0,0.0,0.0,0.7658824,0.24470589,0.0,0.1,0.0,0.8485519,0.0,0.8964706,0.7952941,0.0,0.6494118,0.0,0.1
484,0.1,0.4729412,0.1,0.8858824,0.6,0.0,0.1,0.0,0.8642382,0.0,0.70235294,0.9894118,0.0,0.88941175,0.0,0.1
485,0.0,0.8929412,0.1,0.8858824,0.86470586,0.0,0.1,0.1,0.9779637,0.0,0.1,0.49882352,0.1,0.9894118,0.0,0.1
486,0.1,0.8929412,0.1,0.0,0.9894118,0.1,0.1,0.24000001,0.9858068,0.0,0.1,0.0,0.22588237,0.0,0.1,0.1
487,0.1,0.61058825,0.1,0.1,0.9894118,0.1,0.1,0.6576471,0.9858068,0.1,0.1,0.067058824,0.40941176,0.0,0.1,0.1
488,0.1,0.14235294,0.5235294,0.1,0.9894118,0.57529414,0.1,0.6011765,0.9858068,0.1,0.0,0.81529415,0.40941176,0.0,0.1,0.1
489,0.0,0.1,0.9964706,0.1,0.9894118,0.8964706,0.1,0.14235294,0.9985069,0.5164706,0.0,0.8717647,0.3611765,0.0,1.0,0.1
490,0.0,0.1,0.5611765,0.0,0.8188235,0.84000003,0.4,0.1,0.9985069,0.982353,0.1,0.43058825,0.1,0.0,0.9,0.0
491,0.44470587,0.1,0.1,0.0,0.81529415,0.28705883,0.9964706,0.1,0.9985069,0.9964706,0.1,0.067058824,0.6258824,0.0,1.0,0.1
492,0.8964706,0.1,0.1,0.6082353,0.8858824,0.1,0.85058826,0.13176471,0.9985069,0.9964706,0.0,0.0,0.9929412,0.0,0.1,0.1
493,0.64235294,0.0,0.1,0.98588234,0.88941175,0.1,0.2764706,0.7176471,0.9985069,0.31764707,0.0,0.0,0.85882354,0.0,0.1,0.1
494,0.0,0.1,0.1,0.98588234,0.88941175,0.1,0.1,0.9929412,0.99458534,0.0,0.1,0.0,0.17411765,0.1,0.1,0.1
495,0.0,0.1,0.0,0.98588234,0.13176471,0.0,0.1,0.6682353,0.49262452,0.0,0.28,0.0,0.1,0.50941175,0.1,0.1
496,0.0,0.1,0.0,0.78000003,0.0,0.0,0.1,0.1,0.00635002,0.0,0.94,0.80588233,0.1,0.9929412,0.0,0.0
497,0.1,0.1,0.0,0.21529412,0.1,0.0,0.0,0.0,0.00635002,0.0,0.8964706,0.96117646,0.1,0.9470588,0.0,0.07058824
498,0.1,0.1,0.0,0.1,0.0,0.0,0.1,0.1,0.0,0.1,0.2647059,0.19764706,0.0,0.1764706,0.0,0.7517647
499,0.1,0.1,0.0,0.1,0.0,0.0,0.1,0.0,0.0,0.1,0.0,0.0,0.0,0.0,0.0,0.9894118
500,0.1,0.1,0.0,0.0,0.1,0.0,0.0,0.0,0.0,0.0,0.0,0.0,0.0,0.0,0.0,0.1
501,0.1,0.1,0.0,0.0,0.1,0.0,0.0,0.0,0.0038353787,0.0,0.0,0.1,0.1,0.0,0.0,0.1
502,0.1,0.1,0.0,0.0,0.1,0.0,0.0,0.0,0.0,0.0,0.0,0.1,0.0,0.0,0.0,0.0
503,0.0,0.0,0.0,0.1,0.0,0.0,0.0,0.0,0.0,0.0,0.1,0.0,0.0,0.1,0.0,0.0
504,0.0,0.0,0.1,0.1,0.1,0.1,0.1,0.0,0.0,0.0,0.1,0.0,0.0,0.1,0.1,0.0
505,0.0,0.0,0.1,0.0,0.1,0.1,0.1,0.0,0.00635002,0.0,0.0,0.0,0.0,0.0,0.1,0.1
506,0.0,0.0,0.0,0.0,0.1,0.0,0.1,0.0,0.0,0.0,0.0,0.1,0.0,0.0,0.1,0.1
507,0.0,0.0,0.0,0.1,0.1,0.0,0.1,0.0,0.0025171677,0.0,0.1,0.0,0.0,0.0,0.0,0.0
508,0.1,0.0,0.0,0.1,0.1,0.0,0.0,0.0,0.0,0.0,0.0,0.0,0.0,0.1,0.0,0.1
509,0.1,0.0,0.1,0.1,0.1,0.1,0.1,0.0,0.0,0.0,0.0,0.1,0.0,0.1,0.0,0.0
510,0.1,0.1,0.0,0.0,0.1,0.1,0.1,0.0,0.00635002,0.0,0.34588236,0.19176471,0.0,0.0,0.0,0.1
511,0.1,0.0,0.1,0.7658824,0.1,0.0,0.1,0.1,0.00635002,0.0,0.8964706,0.8835294,0.0,0.6494118,0.0,0.1
512,0.1,0.8752941,0.1,0.8858824,0.0,0.0,0.1,0.0,0.00635002,0.0,0.80235296,0.9894118,0.0,0.88941175,0.0,0.1
513,0.1,0.8929412,0.1,0.98588234,0.27294117,0.0,0.0,0.0,0.2563951,0.0,0.1,0.49882352,0.0,0.9894118,0.1,0.1
514,0.1,0.8929412,0.1,0.1,0.29647058,0.1,0.0,0.1,0.28870296,0.0,0.1,0.1,0.1,0.1,0.1,0.1
515,0.1,0.1882353,0.1,0.0,0.3964706,0.19882354,0.0,0.1,0.7906638,0.1,0.1,0.0,0.0,0.0,0.1,0.1
516,0.0,0.1,0.5329412,0.1,0.3964706,0.9894118,0.1,0.1,0.9985069,0.45294118,0.0,0.1882353,0.1,0.1,0.0,0.1
517,0.0,0.1,0.8964706,0.1,0.3964706,0.8964706,0.1,0.1,0.9985069,0.95411766,0.0,0.7164706,0.1,0.1,0.6741177,0.0
518,0.2647059,0.1,0.5011765,0.0,0.0,0.8411765,0.6576471,0.1,0.9985069,0.9964706,0.0,0.88941175,0.1,0.1,0.9,0.1
519,0.8858824,0.1,0.1,0.74235296,0.0,0.1,0.9964706,0.0,0.9985069,0.8964706,0.0,0.6811765,0.9929412,0.0,1.0,0.1
520,0.84705883,0.0,0.1,0.88,0.56823534,0.1,0.68235296,0.1,0.9985069,0.7447059,0.0,0.04588235,0.9894118,0.0,0.5517647,0.1
521,0.20117646,0.1,0.0,0.98588234,0.88941175,0.0,0.1,0.41058826,0.9985069,0.12470588,0.0,0.0,0.5717647,0.0,0.1,0.0
522,0.0,0.1,0.0,0.98588234,0.88941175,0.0,0.1,0.9929412,0.9985069,0.1,0.28,0.2682353,0.1,0.0,0.0,0.1
523,0.1,0.1,0.0,0.98588234,0.1,0.0,0.1,0.8976471,0.69262457,0.0,0.68235296,0.80588233,0.1,0.7411765,0.0,0.0
524,0.1,0.1,0.0,0.63529414,0.0,0.0,0.1,0.16352943,0.00635002,0.0,0.9964706,0.97882354,0.1,0.8929412,0.0,0.0
525,0.1,0.1,0.0,0.1,0.0,0.0,0.1,0.1,0.0025171677,0.0,0.7882353,0.54117644,0.1,0.39529413,0.0,0.0
526,0.1,0.1,0.0,0.1,0.0,0.0,0.0,0.1,0.005031809,0.0,0.114117645,0.0,0.1,0.0,0.0,0.64000005
527,0.1,0.1,0.0,0.0,0.1,0.0,0.1,0.1,0.0,0.0,0.1,0.0,0.0,0.0,0.0,0.9929412
528,0.1,0.1,0.0,0.0,0.1,0.1,0.0,0.0,0.0,0.0,0.1,0.1,0.0,0.1,0.0,0.1
529,0.1,0.1,0.0,0.1,0.1,0.0,0.1,0.0,0.0,0.0,0.0,0.1,0.0,0.0,0.1,0.0
530,0.1,0.1,0.0,0.1,0.1,0.0,0.0,0.0,0.0,0.0,0.1,0.1,0.0,0.1,0.0,0.0
531,0.0,0.0,0.0,0.1,0.0,0.0,0.0,0.0,0.0019164265,0.0,0.1,0.0,0.0,0.1,0.0,0.0
532,0.0,0.0,0.1,0.0,0.1,0.1,0.1,0.1,0.0053930148,0.0,0.0,0.0,0.0,0.0,0.1,0.1
533,0.0,0.0,0.1,0.0,0.1,0.1,0.1,0.0,0.0,0.0,0.0,0.1,0.0,0.0,0.0,0.1
534,0.1,0.0,0.0,0.1,0.1,0.0,0.1,0.0,0.0025171677,0.0,0.0,0.1,0.0,0.0,0.0,0.1
535,0.1,0.0,0.0,0.1,0.1,0.0,0.1,0.0,0.0,0.0,0.1,0.0,0.0,0.0,0.0,0.0
536,0.1,0.0,0.0,0.0,0.1,0.0,0.1,0.0,0.0,0.0,0.0,0.1,0.1,0.0,0.0,0.1
537,0.1,0.1,0.0,0.1,0.0,0.0,0.1,0.0,0.00635002,0.0,0.1,0.1,0.0,0.1,0.0,0.1
538,0.1,0.1,0.0,0.1,0.1,0.0,0.1,0.1,0.00635002,0.1,0.2329412,0.1,0.0,0.1,0.0,0.1
539,0.1,0.1,0.1,0.86941177,0.0,0.0,0.1,0.1,0.00635002,0.0,0.85058826,0.7529412,0.0,0.26941177,0.0,0.1
540,0.1,0.9752941,0.0,0.9929412,0.0,0.0,0.1,0.1,0.00635002,0.0,0.80235296,0.8929412,0.0,0.91882354,0.1,0.1
541,0.1,0.9929412,0.0,0.9929412,0.0,0.1,0.0,0.1,0.00635002,0.0,0.1,0.6317647,0.1,0.9894118,0.0,0.1
542,0.0,0.9929412,0.0,0.25764707,0.0,0.0,0.0,0.1,0.00635002,0.1,0.0,0.13529412,0.1,0.6576471,0.0,0.0
543,0.0,0.2517647,0.0,0.35764706,0.1,0.3035294,0.1,0.1,0.47693825,0.29058823,0.0,0.1,0.1,0.1,0.0,0.0
544,0.0,0.17058824,0.9047059,0.9047059,0.0,0.8964706,0.1,0.1,0.9985069,0.9505882,0.0,0.1,0.1,0.1,0.0,0.0
545,0.067058824,0.17058824,0.8964706,0.8929412,0.0,0.9964706,0.1,0.1,0.98282063,0.9964706,0.0,0.1,0.1,0.1,0.6741177,0.1
546,0.78000003,0.07058824,0.2329412,0.9929412,0.0,0.46235296,0.81529415,0.0,0.5897284,0.8964706,0.0,0.2682353,0.11294118,0.1,0.9,0.1
547,0.8964706,0.07058824,0.1,0.9,0.0,0.0,0.8611765,0.0,0.19364998,0.85411763,0.0,0.12352942,0.8929412,0.0,1.0,0.1
548,0.58588237,0.01764706,0.0,0.8929412,0.5482353,0.0,0.2764706,0.0,0.63678724,0.3082353,0.0,0.10235294,0.84705883,0.0,0.5517647,0.0
549,0.1,0.1,0.0,0.8929412,0.9894118,0.0,0.1,0.007058824,0.9858068,0.1,0.11058824,0.54352945,0.1764706,0.0,0.1,0.0
550,0.1,0.01764706,0.0,0.8929412,0.88941175,0.0,0.1,0.6858824,0.9858068,0.1,0.68941176,0.8929412,0.1,0.1,0.1,0.0
551,0.1,0.07058824,0.0,0.8929412,0.15882353,0.0,0.1,0.8929412,0.69262457,0.0,0.9964706,0.96117646,0.1,0.91176474,0.1,0.0
552,0.1,0.07058824,0.0,0.1,0.1,0.0,0.1,0.54470587,0.0,0.0,0.8011765,0.54117644,0.0,0.8188235,0.1,0.0
553,0.1,0.13058823,0.0,0.1,0.1,0.0,0.1,0.1,0.0,0.0,0.29411766,0.0,0.1,0.1282353,0.0,0.24470589
554,0.1,0.6294118,0.0,0.1,0.1,0.0,0.1,0.0,0.0,0.0,0.1,0.0,0.0,0.0,0.0,0.92235297
555,0.1,0.5294118,0.1,0.1,0.1,0.1,0.0,0.0,0.00635002,0.1,0.1,0.1,0.0,0.1,0.0,0.8482353
556,0.0,0.5294118,0.1,0.1,0.1,0.1,0.1,0.1,0.0,0.0,0.1,0.1,0.0,0.1,0.1,0.0
557,0.0,0.51882356,0.1,0.1,0.1,0.1,0.1,0.0,0.0,0.0,0.1,0.1,0.0,0.1,0.1,0.0
558,0.1,0.13529412,0.0,0.1,0.1,0.0,0.0,0.0,0.0,0.0,0.1,0.1,0.0,0.1,0.0,0.0
559,0.0,0.0,0.0,0.1,0.0,0.0,0.0,0.0,0.0,0.0,0.1,0.0,0.0,0.1,0.0,0.1
560,0.0,0.0,0.1,0.0,0.1,0.1,0.1,0.0,0.0059888144,0.0,0.0,0.0,0.0,0.0,0.0,0.1
561,0.1,0.0,0.0,0.0,0.0,0.0,0.0,0.0,0.0,0.0,0.0,0.1,0.0,0.0,0.0,0.1
562,0.1,0.0,0.0,0.1,0.1,0.0,0.1,0.0,0.0,0.0,0.1,0.1,0.0,0.0,0.0,0.1
563,0.1,0.1,0.0,0.0,0.1,0.0,0.1,0.0,0.0,0.0,0.0,0.1,0.0,0.0,0.0,0.1
564,0.1,0.0,0.0,0.0,0.1,0.0,0.1,0.0,0.0,0.0,0.0,0.1,0.0,0.0,0.0,0.1
565,0.1,0.1,0.0,0.0,0.1,0.0,0.1,0.1,0.0038353787,0.0,0.0,0.0,0.0,0.0,0.1,0.1
566,0.1,0.1,0.1,0.0,0.1,0.0,0.1,0.1,0.0038353787,0.1,0.0,0.0,0.0,0.1,0.1,0.1
567,0.1,0.1,0.0,0.49882352,0.0,0.0,0.1,0.1,0.00635002,0.0,0.75529414,0.09882353,0.0,0.1,0.0,0.1
568,0.1,0.9752941,0.0,0.98588234,0.0,0.0,0.1,0.1,0.00635002,0.0,0.7517647,0.73764706,0.0,0.3282353,0.0,0.49882352
569,0.1,0.9929412,0.0,0.98588234,0.0,0.0,0.0,0.1,0.00635002,0.0,0.07058824,0.8929412,0.1,0.9929412,0.0,0.3247059
570,0.1,0.9929412,0.0,0.9929412,0.0,0.0,0.1,0.1,0.00635002,0.1,0.0,0.79176474,0.0,0.96117646,0.0,0.0
571,0.0,0.9929412,0.21529412,0.98588234,0.0,0.37058824,0.1,0.1,0.20242846,0.56235296,0.1,0.38941178,0.1,0.2764706,0.1,0.0
572,0.010588235,0.9929412,0.8858824,0.98588234,0.0,0.9964706,0.1,0.1,0.9985069,0.9964706,0.0,0.3011765,0.1,0.0,0.22588237,0.0
573,0.7164706,0.8929412,0.9964706,0.98588234,0.0,0.8258824,0.3670588,0.1,0.9985069,0.8964706,0.0,0.3011765,0.0,0.0,0.9,0.0
574,0.9964706,0.8929412,0.2329412,0.8858824,0.1,0.07058824,0.8964706,0.1,0.9985069,0.8611765,0.0,0.46235296,0.5541177,0.0,0.9,0.0
575,0.8729412,0.8929412,0.0,0.8929412,0.1,0.0,0.91882354,0.0,0.7309049,0.22588237,0.16235295,0.69529414,0.8929412,0.0,1.0,0.0
576,0.22352943,0.59294116,0.0,0.8858824,0.5517647,0.0,0.1,0.0,0.98188525,0.1,0.6364706,0.9894118,0.57882357,0.0,0.5517647,0.0
577,0.1,0.5047059,0.0,0.8858824,0.9929412,0.0,0.0,0.1,0.9858068,0.0,0.8129412,0.8929412,0.0,0.0,0.1,0.0
578,0.1,0.58588237,0.0,0.8858824,0.8929412,0.0,0.1,0.16941176,0.9858068,0.1,0.8964706,0.8552941,0.0,0.64705884,0.0,0.0
579,0.1,0.8929412,0.0,0.51882356,0.1,0.0,0.1,0.9647059,0.5867422,0.0,0.8964706,0.38588238,0.0,0.9929412,0.0,0.0
580,0.1,0.8929412,0.0,0.1,0.1,0.0,0.0,0.9929412,0.0,0.0,0.22235294,0.1,0.0,0.6929412,0.0,0.20941177
581,0.1,0.9929412,0.0,0.1,0.1,0.0,0.1,0.23411766,0.0,0.0,0.1,0.0,0.0,0.1,0.0,0.7105883
582,0.0,0.9929412,0.1,0.1,0.1,0.1,0.1,0.0,0.00635002,0.0,0.1,0.0,0.0,0.1,0.0,0.96117646
583,0.0,0.8929412,0.1,0.1,0.1,0.0,0.1,0.1,0.0,0.0,0.1,0.1,0.0,0.0,0.1,0.14117648
584,0.0,0.8929412,0.1,0.1,0.1,0.1,0.1,0.1,0.0,0.0,0.1,0.1,0.0,0.0,0.1,0.0
585,0.0,0.8929412,0.0,0.1,0.1,0.0,0.1,0.0,0.0,0.0,0.1,0.0,0.0,0.1,0.1,0.0
586,0.0,0.43411765,0.0,0.1,0.1,0.0,0.1,0.0,0.0,0.0,0.1,0.0,0.0,0.1,0.1,0.1
587,0.0,0.1,0.0,0.1,0.0,0.0,0.0,0.0,0.0,0.0,0.1,0.0,0.0,0.1,0.0,0.1
588,0.1,0.0,0.1,0.0,0.1,0.1,0.0,0.0,0.0,0.0,0.0,0.1,0.0,0.0,0.0,0.1
589,0.1,0.0,0.0,0.0,0.1,0.0,0.0,0.1,0.00635002,0.0,0.0,0.1,0.0,0.0,0.0,0.1
590,0.0,0.0,0.1,0.0,0.1,0.1,0.0,0.1,0.005031809,0.0,0.1,0.1,0.0,0.0,0.0,0.1
591,0.1,0.0,0.0,0.0,0.1,0.0,0.1,0.1,0.00635002,0.0,0.0,0.1,0.0,0.0,0.1,0.1
592,0.1,0.0,0.0,0.0,0.0,0.0,0.0,0.1,0.0038353787,0.1,0.0,0.1,0.1,0.0,0.0,0.1
593,0.1,0.0,0.1,0.0,0.1,0.0,0.1,0.1,0.0038353787,0.0,0.0,0.1,0.1,0.0,0.1,0.1
594,0.1,0.1,0.1,0.0,0.0,0.1,0.1,0.1,0.005031809,0.0,0.0,0.0,0.1,0.0,0.1,0.1
595,0.1,0.1,0.0,0.20941177,0.0,0.0,0.1,0.1,0.00635002,0.0,0.75529414,0.0,0.1,0.1,0.0,0.38941178
596,0.1,0.71411765,0.0,0.91176474,0.0,0.0,0.1,0.1,0.00635002,0.1,0.8964706,0.0882353,0.1,0.120000005,0.0,0.9929412
597,0.1,0.9929412,0.0,0.8858824,0.0,0.0,0.1,0.1,0.0025171677,0.1,0.72,0.86235297,0.1,0.57882357,0.1,0.5329412
598,0.1,0.9929412,0.0,0.8929412,0.0,0.0,0.1,0.1,0.0,0.14588235,0.63529414,0.9894118,0.1,0.8929412,0.1,0.0
599,0.1,0.9929412,0.49764708,0.8858824,0.0,0.61764705,0.1,0.1,0.0289441,0.97882354,0.7352941,0.9894118,0.1,0.39882353,0.1,0.1
600,0.23411766,0.9929412,0.9964706,0.8858824,0.0,0.8964706,0.0,0.1,0.661252,0.9964706,0.63529414,0.9894118,0.1,0.0,0.77411765,0.1
601,0.9964706,0.8929412,0.7235294,0.98588234,0.0,0.72,0.83411765,0.1,0.9985069,0.8964706,0.63529414,0.8929412,0.1517647,0.0,1.0,0.1
602,0.9964706,0.8929412,0.010588235,0.8858824,0.1,0.01764706,0.9929412,0.1,0.9985069,0.5364706,0.63529414,0.88941175,0.84705883,0.0,1.0,0.1
603,0.37176472,0.8929412,0.0,0.8929412,0.1,0.0,0.65411764,0.0,0.9985069,0.1,0.82941175,0.88941175,0.8929412,0.0,1.0,0.0
604,0.1,0.8929412,0.0,0.8117647,0.5482353,0.1,0.1,0.1,0.9858068,0.1,0.8964706,0.88941175,0.3247059,0.0,0.45176473,0.074117646
605,0.1,0.8929412,0.0,0.6670588,0.9894118,0.0,0.14588235,0.0,0.9867422,0.1,0.8964706,0.6505883,0.0,0.3329412,0.0,0.36
606,0.1,0.8929412,0.0,0.22352943,0.9894118,0.0,0.20588236,0.1,0.69262457,0.0,0.8258824,0.067058824,0.0,0.8329412,0.0,0.36
607,0.1,0.8929412,0.1,0.13529412,0.1,0.0,0.1,0.40588236,0.049487278,0.0,0.55058825,0.1,0.0,0.81529415,0.0,0.7458824
608,0.1,0.8788235,0.0,0.1,0.1,0.0,0.1,0.8964706,0.00635002,0.0,0.13529412,0.0,0.0,0.2482353,0.0,0.92235297
609,0.0,0.8717647,0.0,0.1,0.1,0.0,0.1,0.6070588,0.0,0.0,0.1,0.0,0.0,0.1,0.1,0.8482353
610,0.0,0.8717647,0.0,0.0,0.0,0.0,0.1,0.03176471,0.0,0.0,0.1,0.1,0.0,0.1,0.0,0.38588238
611,0.0,0.5964706,0.1,0.0,0.1,0.1,0.1,0.1,0.0,0.0,0.0,0.1,0.0,0.0,0.1,0.0
612,0.0,0.4129412,0.1,0.1,0.1,0.1,0.1,0.1,0.0,0.0,0.1,0.0,0.0,0.1,0.0,0.0
613,0.0,0.5129412,0.1,0.1,0.0,0.1,0.1,0.1,0.0,0.0,0.1,0.0,0.0,0.1,0.0,0.1
614,0.1,0.3011765,0.0,0.1,0.1,0.0,0.0,0.0,0.0,0.0,0.1,0.1,0.0,0.1,0.0,0.1
615,0.0,0.1,0.0,0.0,0.0,0.0,0.0,0.0,0.0,0.0,0.1,0.0,0.0,0.0,0.0,0.1
616,0.0,0.0,0.1,0.0,0.1,0.1,0.0,0.1,0.00635002,0.0,0.0,0.1,0.0,0.0,0.0,0.1
617,0.1,0.0,0.0,0.0,0.0,0.0,0.1,0.1,0.00635002,0.0,0.0,0.1,0.1,0.0,0.1,0.1
618,0.0,0.0,0.0,0.0,0.1,0.0,0.0,0.1,0.00635002,0.0,0.0,0.1,0.0,0.0,0.1,0.1
619,0.1,0.0,0.0,0.0,0.0,0.0,0.1,0.1,0.00635002,0.1,0.0,0.1,0.0,0.0,0.1,0.1
620,0.1,0.0,0.0,0.0,0.0,0.0,0.1,0.0,0.00635002,0.1,0.0,0.1,0.0,0.0,0.1,0.1
621,0.1,0.0,0.1,0.0,0.1,0.1,0.1,0.1,0.005031809,0.0,0.0,0.1,0.1,0.0,0.1,0.1
622,0.1,0.1,0.1,0.0,0.0,0.1,0.1,0.1,0.00635002,0.0,0.0,0.0,0.1,0.1,0.1,0.1
623,0.1,0.0,0.0,0.0,0.0,0.0,0.1,0.1,0.00635002,0.1,0.28588235,0.0,0.1,0.0,0.0,0.38941178
624,0.1,0.0,0.0,0.21882352,0.0,0.0,0.0,0.1,0.00635002,0.1,0.7235294,0.0,0.1,0.0,0.1,1.0
625,0.1,0.4164706,0.0,0.5011765,0.0,0.0,0.1,0.1,0.00635002,0.04235294,0.8964706,0.1564706,0.1,0.11294118,0.1,0.9929412
626,0.1,0.43411765,0.03529412,0.8929412,0.0,0.01764706,0.1,0.1,0.0,0.80470586,0.8964706,0.4635294,0.1,0.7835294,0.1,0.92588234
627,0.20941177,0.43411765,0.7588235,0.8858824,0.0,0.7447059,0.1,0.1,0.00635002,0.9964706,0.8964706,0.5905883,0.1,0.84705883,0.22588237,0.6364706
628,0.8905882,0.43411765,0.8964706,0.8858824,0.0,0.8964706,0.0,0.1,0.09403146,0.9964706,0.8964706,0.84705883,0.1,0.4729412,0.9,0.64000005
629,0.9964706,0.58588237,0.42705882,0.98588234,0.0,0.6917647,0.83411765,0.1,0.7122324,0.7341176,0.8964706,0.49411768,0.4282353,0.0,0.9,0.7811765
630,0.5058824,0.8929412,0.0,0.8858824,0.0,0.0,0.9929412,0.1,0.9122324,0.1282353,0.8964706,0.49058825,0.8929412,0.0,1.0,0.7105883
631,0.103529416,0.9929412,0.0,0.9929412,0.1,0.0,0.6435294,0.0,0.9858068,0.1,0.8964706,0.49058825,0.88941175,0.13411765,0.22588237,0.9929412
632,0.1,0.8929412,0.0,0.37764707,0.5764706,0.0,0.4211765,0.1,0.8730167,0.1,0.88941175,0.24117649,0.29647058,0.32117647,0.0,0.9964706
633,0.1,0.64705884,0.0,0.1,0.9894118,0.1,0.82,0.1,0.50831085,0.0,0.92588234,0.1,0.1,0.8258824,0.0,0.9929412
634,0.1,0.43411765,0.0,0.1,0.96117646,0.0,0.6682353,0.0,0.00635002,0.0,0.5235294,0.0,0.1,0.88941175,0.0,0.9964706
635,0.0,0.53411764,0.1,0.1,0.1,0.1,0.1,0.074117646,0.00635002,0.1,0.1,0.1,0.1,0.48352945,0.1,0.85176474
636,0.1,0.14470589,0.0,0.0,0.1,0.0,0.1,0.7694118,0.00635002,0.1,0.1,0.0,0.0,0.1,0.1,0.6011765
637,0.0,0.0,0.0,0.0,0.0,0.0,0.1,0.9964706,0.0,0.0,0.1,0.0,0.0,0.1,0.1,0.07058824
638,0.0,0.0,0.1,0.0,0.1,0.1,0.1,0.26235294,0.0,0.0,0.0,0.1,0.0,0.1,0.1,0.0
639,0.0,0.0,0.1,0.1,0.1,0.1,0.1,0.1,0.0,0.0,0.1,0.1,0.0,0.1,0.0,0.0
640,0.0,0.1,0.1,0.1,0.1,0.1,0.1,0.0,0.0,0.0,0.1,0.0,0.0,0.1,0.1,0.1
641,0.0,0.1,0.0,0.1,0.1,0.0,0.0,0.1,0.0,0.0,0.1,0.0,0.0,0.1,0.1,0.1
642,0.1,0.1,0.0,0.0,0.1,0.0,0.1,0.0,0.0,0.0,0.0,0.0,0.0,0.1,0.1,0.1
643,0.0,0.0,0.0,0.0,0.0,0.0,0.0,0.0,0.0,0.0,0.1,0.0,0.0,0.0,0.0,0.0
644,0.0,0.0,0.0,0.0,0.0,0.1,0.1,0.1,0.00635002,0.0,0.0,0.1,0.0,0.0,0.1,0.1
645,0.1,0.0,0.0,0.0,0.0,0.0,0.1,0.1,0.00635002,0.0,0.0,0.1,0.1,0.0,0.1,0.1
646,0.0,0.0,0.1,0.0,0.0,0.1,0.1,0.1,0.00635002,0.1,0.0,0.0,0.0,0.0,0.1,0.1
647,0.1,0.0,0.1,0.0,0.1,0.0,0.1,0.1,0.00635002,0.1,0.1,0.1,0.0,0.0,0.1,0.1
648,0.0,0.1,0.1,0.0,0.1,0.1,0.0,0.1,0.00635002,0.1,0.1,0.1,0.0,0.1,0.1,0.1
649,0.0,0.1,0.1,0.0,0.1,0.1,0.1,0.1,0.00635002,0.1,0.1,0.1,0.0,0.0,0.1,0.1
650,0.0,0.0,0.1,0.0,0.0,0.1,0.0,0.1,0.00635002,0.1,0.1,0.0,0.1,0.0,0.0,0.1
651,0.0,0.0,0.0,0.0,0.0,0.0,0.0,0.1,0.00635002,0.1,0.0,0.1,0.1,0.0,0.1,0.1
652,0.1,0.0,0.0,0.0,0.0,0.0,0.0,0.1,0.0,0.0,0.0917647,0.1,0.1,0.0,0.1,0.35058826
653,0.1,0.0,0.0,0.0,0.1,0.0,0.1,0.1,0.0,0.27529413,0.7411765,0.1,0.0,0.0,0.1,0.6329412
654,0.1,0.0,0.01764706,0.25411767,0.0,0.010588235,0.0,0.0,0.0,0.9,0.8964706,0.1,0.1,0.0882353,0.0,0.6329412
655,0.4694118,0.0,0.6988236,0.6141177,0.0,0.5576471,0.0,0.0,0.0,0.8964706,0.8964706,0.1,0.1,0.6247059,0.22588237,0.91882354
656,0.9964706,0.1,0.6211765,0.8858824,0.0,0.8964706,0.1,0.0,0.0,0.8964706,0.8964706,0.0,0.0,0.84705883,0.9,0.9929412
657,0.9964706,0.1,0.03529412,0.61058825,0.0,0.5647059,0.83411765,0.0,0.0,0.2329412,0.8964706,0.0,0.50235295,0.73058826,0.45176473,0.8482353
658,0.2835294,0.1,0.0,0.35058826,0.0,0.0,0.9929412,0.0,0.35835588,0.1,0.8964706,0.1,0.9894118,0.3635294,0.0,0.7776471
659,0.1,0.1,0.0,0.35411766,0.1,0.0,0.9964706,0.0,0.5779637,0.1,0.54,0.1,0.73764706,0.82235295,0.0,0.5329412
660,0.1,0.1,0.1,0.20588236,0.91882354,0.1,0.9929412,0.1,0.079924494,0.0,0.46705884,0.1,0.1,0.88941175,0.0,0.56235296
661,0.1,0.1,0.0,0.1,0.9329412,0.0,0.6435294,0.0,0.00635002,0.0,0.1,0.1,0.1,0.88941175,0.0,0.1764706
662,0.0,0.1,0.1,0.1,0.4917647,0.1,0.20235294,0.1,0.00635002,0.0,0.1,0.1,0.1,0.6211765,0.1,0.2764706
663,0.0,0.1,0.0,0.1,0.0,0.1,0.0,0.0,0.0,0.1,0.1,0.0,0.1,0.22352943,0.1,0.13529412
664,0.0,0.0,0.0,0.0,0.0,0.0,0.0,0.20588236,0.0,0.0,0.1,0.1,0.1,0.1,0.1,0.0
665,0.0,0.1,0.0,0.0,0.0,0.1,0.0,0.9964706,0.0,0.1,0.0,0.1,0.0,0.0,0.0,0.0
666,0.0,0.1,0.1,0.0,0.0,0.1,0.0,0.68235296,0.0,0.0,0.0,0.1,0.0,0.0,0.0,0.0
667,0.1,0.1,0.1,0.1,0.1,0.1,0.1,0.0,0.0,0.0,0.0,0.1,0.0,0.0,0.0,0.1
668,0.1,0.1,0.1,0.1,0.1,0.1,0.1,0.0,0.00635002,0.0,0.1,0.1,0.0,0.1,0.1,0.1
669,0.1,0.0,0.0,0.0,0.1,0.0,0.1,0.1,0.00635002,0.0,0.1,0.0,0.0,0.1,0.1,0.1
670,0.1,0.0,0.0,0.1,0.1,0.0,0.1,0.1,0.0025171677,0.0,0.1,0.0,0.0,0.1,0.1,0.0
671,0.0,0.0,0.0,0.0,0.0,0.0,0.0,0.0,0.0005982152,0.0,0.0,0.0,0.0,0.0,0.0,0.0
672,0.0,0.0,0.1,0.0,0.0,0.1,0.1,0.1,0.00635002,0.0,0.0,0.1,0.1,0.0,0.1,0.1
673,0.0,0.0,0.1,0.0,0.0,0.1,0.0,0.1,0.00635002,0.1,0.1,0.1,0.1,0.0,0.1,0.1
674,0.0,0.0,0.1,0.0,0.0,0.0,0.0,0.0,0.00635002,0.1,0.0,0.0,0.0,0.0,0.1,0.1
675,0.0,0.1,0.1,0.1,0.0,0.1,0.0,0.1,0.0053930148,0.1,0.1,0.1,0.1,0.1,0.1,0.0
676,0.0,0.1,0.1,0.0,0.1,0.1,0.0,0.0,0.005031809,0.1,0.1,0.1,0.0,0.0,0.1,0.0
677,0.0,0.1,0.1,0.1,0.1,0.1,0.0,0.0,0.0,0.1,0.1,0.0,0.0,0.1,0.0,0.0
678,0.0,0.0,0.1,0.1,0.1,0.1,0.0,0.0,0.00635002,0.1,0.1,0.1,0.1,0.1,0.0,0.0
679,0.0,0.0,0.1,0.1,0.0,0.1,0.0,0.0,0.0,0.0,0.1,0.1,0.1,0.1,0.1,0.0
680,0.0,0.1,0.0,0.1,0.0,0.1,0.0,0.0,0.0,0.0,0.1,0.1,0.1,0.1,0.0,0.0
681,0.0,0.0,0.0,0.0,0.0,0.1,0.0,0.0,0.0,0.73764706,0.1,0.1,0.1,0.0,0.0,0.0
682,0.21529412,0.0,0.1,0.0,0.0,0.1,0.0,0.0,0.0,0.8964706,0.1,0.1,0.1,0.1,0.0,0.0
683,0.95411766,0.0,0.1,0.0,0.0,0.19176471,0.0,0.0,0.0,0.9964706,0.0,0.1,0.0,0.15294118,0.0,0.0
684,0.9964706,0.1,0.1,0.1,0.0,0.65411764,0.0,0.0,0.0,0.5835294,0.1,0.0,0.0,0.29058823,0.0,0.0
685,0.9964706,0.1,0.1,0.1,0.1,0.47764707,0.21529412,0.0,0.0,0.1,0.0,0.1,0.73058826,0.6317647,0.0,0.0
686,0.2835294,0.1,0.0,0.1,0.1,0.1,0.7705883,0.0,0.0,0.0,0.0,0.1,0.88941175,0.88941175,0.0,0.0
687,0.0,0.1,0.0,0.1,0.1,0.1,0.5517647,0.1,0.0,0.0,0.1,0.1,0.40941176,0.48352945,0.0,0.0
688,0.1,0.1,0.0,0.1,0.73176473,0.0,0.081176475,0.0,0.00635002,0.0,0.1,0.0,0.1,0.48352945,0.0,0.1
689,0.1,0.1,0.1,0.1,0.3329412,0.1,0.02117647,0.0,0.0,0.0,0.1,0.1,0.0,0.29058823,0.1,0.1
690,0.0,0.1,0.1,0.0,0.1,0.1,0.0,0.0,0.0,0.0,0.1,0.1,0.1,0.114117645,0.1,0.0
691,0.0,0.1,0.1,0.0,0.1,0.1,0.0,0.0,0.0,0.1,0.1,0.1,0.1,0.1,0.1,0.0
692,0.0,0.1,0.1,0.0,0.0,0.1,0.0,0.0,0.0,0.1,0.0,0.1,0.0,0.0,0.1,0.0
693,0.0,0.1,0.1,0.0,0.1,0.1,0.1,0.7564706,0.0,0.0,0.0,0.1,0.0,0.0,0.0,0.0
694,0.0,0.1,0.1,0.0,0.1,0.1,0.1,0.96117646,0.00635002,0.0,0.0,0.0,0.0,0.0,0.1,0.1
695,0.0,0.1,0.1,0.0,0.1,0.1,0.0,0.14823529,0.00635002,0.0,0.0,0.1,0.0,0.1,0.0,0.0
696,0.1,0.0,0.0,0.0,0.1,0.0,0.1,0.1,0.00635002,0.0,0.0,0.0,0.0,0.0,0.1,0.0
697,0.1,0.0,0.0,0.0,0.1,0.0,0.1,0.1,0.00635002,0.1,0.0,0.1,0.0,0.1,0.1,0.1
698,0.0,0.0,0.0,0.0,0.1,0.0,0.1,0.1,0.00635002,0.1,0.0,0.0,0.0,0.0,0.1,0.0
699,0.0,0.0,0.0,0.0,0.0,0.0,0.0,0.1,0.0,0.0,0.0,0.0,0.0,0.0,0.0,0.0
700,0.1,0.1,0.0,0.1,0.0,0.0,0.1,0.1,0.0038353787,0.1,0.1,0.1,0.1,0.1,0.1,0.0
701,0.1,0.1,0.0,0.1,0.0,0.0,0.1,0.1,0.0038353787,0.1,0.1,0.1,0.1,0.1,0.1,0.0
702,0.0,0.1,0.1,0.1,0.1,0.0,0.1,0.0,0.0,0.0,0.1,0.0,0.0,0.1,0.1,0.0
703,0.1,0.1,0.1,0.1,0.1,0.1,0.1,0.0,0.0,0.0,0.1,0.1,0.0,0.1,0.0,0.0
704,0.1,0.1,0.1,0.1,0.1,0.1,0.1,0.0,0.0,0.1,0.0,0.0,0.0,0.1,0.1,0.0
705,0.1,0.1,0.1,0.1,0.1,0.1,0.1,0.0,0.0,0.1,0.1,0.0,0.0,0.1,0.1,0.0
706,0.1,0.1,0.1,0.1,0.1,0.0,0.1,0.1,0.0,0.1,0.1,0.0,0.0,0.1,0.1,0.0
707,0.0,0.1,0.1,0.1,0.0,0.1,0.1,0.1,0.0,0.0,0.1,0.1,0.1,0.1,0.1,0.0
708,0.0,0.1,0.1,0.1,0.0,0.1,0.1,0.1,0.0,0.0,0.1,0.1,0.1,0.1,0.0,0.0
709,0.0,0.1,0.1,0.1,0.0,0.1,0.0,0.1,0.0025171677,0.8011765,0.1,0.1,0.1,0.1,0.0,0.0
710,0.42705882,0.1,0.1,0.1,0.1,0.1,0.0,0.1,0.0025171677,0.9,0.1,0.1,0.1,0.1,0.1,0.0
711,0.9964706,0.1,0.1,0.1,0.1,0.1,0.0,0.0,0.0025171677,0.82235295,0.1,0.0,0.1,0.1,0.1,0.0
712,0.9964706,0.1,0.1,0.1,0.1,0.1,0.0,0.1,0.00635002,0.1882353,0.1,0.1,0.0,0.1,0.1,0.0
713,0.8729412,0.1,0.1,0.1,0.1,0.1,0.0,0.0,0.0,0.1,0.1,0.1,0.58235294,0.1,0.0,0.0
714,0.14117648,0.1,0.1,0.1,0.1,0.1,0.0,0.1,0.0,0.0,0.1,0.1,0.88941175,0.1,0.0,0.0
715,0.0,0.1,0.1,0.1,0.1,0.1,0.0,0.0,0.00635002,0.0,0.1,0.1,0.40941176,0.1,0.1,0.0
716,0.1,0.1,0.1,0.1,0.1,0.1,0.0,0.0,0.0,0.0,0.1,0.0,0.0,0.1,0.1,0.1
717,0.1,0.1,0.1,0.0,0.1,0.1,0.0,0.0,0.0,0.0,0.1,0.0,0.0,0.1,0.1,0.0
718,0.0,0.1,0.1,0.0,0.1,0.1,0.0,0.0,0.0,0.1,0.0,0.1,0.0,0.1,0.1,0.0
719,0.0,0.0,0.1,0.0,0.1,0.1,0.0,0.0,0.0,0.1,0.0,0.1,0.0,0.1,0.0,0.0
720,0.0,0.1,0.1,0.0,0.1,0.1,0.1,0.0,0.0,0.0,0.0,0.1,0.1,0.0,0.0,0.1
721,0.0,0.1,0.0,0.0,0.0,0.1,0.1,0.049411766,0.0,0.0,0.0,0.1,0.0,0.0,0.0,0.1
722,0.0,0.1,0.1,0.0,0.0,0.1,0.1,0.78705883,0.0,0.0,0.0,0.0,0.0,0.0,0.0,0.0
723,0.1,0.0,0.0,0.1,0.1,0.0,0.1,0.37529415,0.0,0.0,0.0,0.1,0.0,0.1,0.0,0.0
724,0.0,0.0,0.1,0.0,0.0,0.1,0.0,0.0,0.0,0.1,0.0,0.1,0.1,0.0,0.0,0.0
725,0.0,0.1,0.1,0.0,0.0,0.1,0.0,0.1,0.0,0.1,0.0,0.0,0.1,0.0,0.0,0.0
726,0.0,0.1,0.0,0.0,0.0,0.1,0.0,0.1,0.0025171677,0.1,0.0,0.1,0.1,0.1,0.0,0.0
727,0.0,0.0,0.0,0.0,0.0,0.0,0.0,0.0,0.0,0.0,0.0,0.0,0.0,0.0,0.0,0.0
728,0.1,0.1,0.0,0.1,0.0,0.0,0.1,0.1,0.0038353787,0.1,0.1,0.0,0.1,0.1,0.1,0.0
729,0.0,0.1,0.0,0.1,0.0,0.0,0.1,0.0,0.0,0.1,0.0,0.0,0.0,0.1,0.1,0.0
730,0.0,0.1,0.1,0.1,0.1,0.0,0.1,0.0,0.0,0.0,0.1,0.0,0.0,0.1,0.1,0.0
731,0.0,0.1,0.0,0.1,0.1,0.0,0.1,0.0,0.0,0.1,0.0,0.0,0.0,0.1,0.1,0.0
732,0.0,0.1,0.1,0.1,0.1,0.0,0.1,0.0,0.0,0.1,0.1,0.0,0.0,0.1,0.1,0.0
733,0.1,0.1,0.1,0.1,0.1,0.0,0.1,0.0,0.0,0.1,0.1,0.0,0.0,0.1,0.0,0.0
734,0.1,0.1,0.1,0.1,0.1,0.1,0.1,0.0,0.0,0.1,0.0,0.0,0.0,0.1,0.1,0.0
735,0.1,0.1,0.1,0.1,0.0,0.1,0.1,0.1,0.0,0.1,0.1,0.0,0.1,0.1,0.0,0.0
736,0.0,0.1,0.0,0.1,0.0,0.0,0.1,0.1,0.0,0.1,0.1,0.0,0.1,0.1,0.0,0.0
737,0.1,0.1,0.1,0.1,0.1,0.1,0.0,0.1,0.0,0.49882352,0.1,0.1,0.1,0.1,0.1,0.0
738,0.52705884,0.1,0.1,0.1,0.1,0.1,0.0,0.1,0.0,1.0,0.1,0.1,0.1,0.1,0.1,0.0
739,0.9964706,0.1,0.1,0.1,0.1,0.1,0.0,0.1,0.0,0.48117647,0.1,0.0,0.0,0.1,0.0,0.0
740,0.73058826,0.1,0.1,0.1,0.1,0.1,0.0,0.0,0.0,0.1,0.1,0.1,0.0,0.1,0.0,0.0
741,0.06352942,0.1,0.1,0.1,0.1,0.1,0.0,0.1,0.0,0.1,0.1,0.1,0.3282353,0.1,0.0,0.0
742,0.0,0.0,0.1,0.1,0.1,0.1,0.0,0.1,0.0,0.0,0.1,0.0,0.7058824,0.1,0.0,0.0
743,0.1,0.0,0.1,0.1,0.1,0.1,0.0,0.1,0.0,0.0,0.1,0.0,0.22235294,0.1,0.0,0.1
744,0.1,0.1,0.1,0.0,0.1,0.1,0.1,0.0,0.0,0.0,0.1,0.1,0.0,0.1,0.0,0.0
745,0.1,0.1,0.1,0.1,0.1,0.1,0.0,0.1,0.0,0.1,0.1,0.1,0.0,0.1,0.1,0.0
746,0.1,0.1,0.1,0.0,0.1,0.1,0.0,0.0,0.0,0.1,0.0,0.1,0.0,0.1,0.0,0.0
747,0.0,0.1,0.1,0.0,0.0,0.1,0.0,0.0,0.0,0.1,0.0,0.1,0.1,0.1,0.0,0.1
748,0.0,0.1,0.1,0.0,0.0,0.1,0.0,0.0,0.0,0.1,0.0,0.1,0.0,0.1,0.0,0.1
749,0.0,0.1,0.0,0.0,0.0,0.1,0.0,0.0,0.0,0.1,0.0,0.1,0.0,0.0,0.0,0.1
750,0.0,0.0,0.0,0.0,0.0,0.0,0.0,0.0,0.0,0.1,0.0,0.1,0.0,0.0,0.1,0.0
751,0.0,0.1,0.1,0.0,0.0,0.1,0.0,0.0,0.0,0.1,0.0,0.1,0.1,0.0,0.0,0.0
752,0.0,0.0,0.0,0.0,0.0,0.1,0.0,0.0,0.0025171677,0.1,0.0,0.1,0.1,0.0,0.0,0.0
753,0.0,0.1,0.1,0.0,0.0,0.1,0.0,0.0,0.0,0.1,0.0,0.1,0.1,0.0,0.0,0.0
754,0.0,0.1,0.1,0.0,0.0,0.1,0.0,0.1,0.0,0.1,0.0,0.1,0.1,0.0,0.0,0.1
755,0.0,0.0,0.0,0.0,0.0,0.0,0.0,0.0,0.0,0.0,0.0,0.0,0.0,0.0,0.0,0.0
756,0.0,0.0,0.0,0.0,0.0,0.0,0.0,0.0,0.00065910554,0.0,0.0,0.0,0.0,0.0,0.0,0.0
757,0.0,0.0,0.0,0.0,0.0,0.0,0.0,0.0,0.0019164265,0.0,0.0,0.0,0.0,0.0,0.0,0.0
758,0.0,0.0,0.0,0.0,0.0,0.0,0.0,0.0,0.0,0.0,0.0,0.0,0.0,0.0,0.0,0.0
759,0.0,0.0,0.0,0.0,0.0,0.0,0.0,0.0,0.0015552205,0.0,0.0,0.0,0.0,0.0,0.0,0.0
760,0.0,0.0,0.0,0.1,0.0,0.0,0.0,0.0,0.0,0.0,0.1,0.0,0.0,0.0,0.0,0.0
761,0.0,0.0,0.0,0.1,0.0,0.0,0.0,0.0,0.0,0.1,0.0,0.0,0.0,0.0,0.0,0.1
762,0.0,0.1,0.1,0.1,0.0,0.1,0.0,0.0,0.0019164265,0.1,0.0,0.0,0.0,0.1,0.0,0.1
763,0.0,0.0,0.0,0.0,0.0,0.0,0.0,0.0,0.0,0.1,0.0,0.1,0.0,0.0,0.0,0.0
764,0.1,0.0,0.0,0.0,0.0,0.0,0.0,0.0,0.0,0.1,0.0,0.1,0.0,0.0,0.0,0.1
765,0.1,0.0,0.1,0.0,0.0,0.0,0.0,0.0,0.0,0.1,0.0,0.1,0.0,0.0,0.1,0.0
766,0.1,0.0,0.0,0.0,0.0,0.0,0.0,0.0,0.0,0.1,0.1,0.0,0.1,0.0,0.0,0.1
767,0.1,0.0,0.0,0.0,0.0,0.1,0.1,0.0,0.0,0.1,0.0,0.0,0.1,0.0,0.0,0.1
768,0.0,0.0,0.0,0.0,0.0,0.1,0.0,0.0,0.0,0.1,0.1,0.0,0.0,0.0,0.0,0.1
769,0.0,0.0,0.0,0.0,0.0,0.0,0.0,0.0,0.0,0.1,0.1,0.0,0.1,0.1,0.0,0.1
770,0.1,0.0,0.1,0.0,0.0,0.0,0.0,0.0,0.0,0.0,0.1,0.0,0.0,0.1,0.0,0.1
771,0.1,0.0,0.1,0.0,0.1,0.0,0.1,0.0,0.00635002,0.0,0.1,0.1,0.0,0.1,0.0,0.1
772,0.1,0.1,0.1,0.0,0.0,0.0,0.1,0.1,0.00635002,0.1,0.0,0.1,0.0,0.0,0.1,0.1
773,0.1,0.1,0.1,0.0,0.0,0.0,0.1,0.0,0.0,0.1,0.0,0.1,0.0,0.0,0.1,0.1
774,0.0,0.1,0.0,0.1,0.0,0.0,0.1,0.0,0.0,0.0,0.1,0.1,0.0,0.0,0.1,0.1
775,0.0,0.0,0.0,0.1,0.0,0.0,0.0,0.0,0.0025171677,0.0,0.1,0.0,0.0,0.0,0.0,0.1
776,0.0,0.1,0.0,0.0,0.0,0.0,0.0,0.0,0.0,0.0,0.0,0.0,0.0,0.0,0.0,0.1
777,0.0,0.1,0.0,0.0,0.0,0.0,0.0,0.0,0.0,0.0,0.0,0.0,0.0,0.1,0.0,0.0
778,0.0,0.1,0.0,0.0,0.0,0.0,0.0,0.0,0.0,0.0,0.0,0.0,0.0,0.1,0.0,0.0
779,0.0,0.0,0.0,0.0,0.0,0.0,0.0,0.1,0.0,0.0,0.0,0.0,0.0,0.1,0.0,0.0
780,0.0,0.0,0.0,0.0,0.0,0.0,0.0,0.0,0.0,0.0,0.0,0.0,0.0,0.0,0.0,0.0
781,0.0,0.0,0.0,0.0,0.0,0.0,0.0,0.1,0.0019164265,0.0,0.0,0.0,0.0,0.0,0.0,0.0
782,0.0,0.0,0.0,0.0,0.0,0.0,0.0,0.1,0.0019164265,0.0,0.0,0.0,0.0,0.0,0.0,0.0
783,0.0,0.0,0.0,0.0,0.0,0.0,0.0,0.0,0.00065910554,0.0,0.0,0.0,0.0,0.0,0.0,0.0
